1145.vol,tmpc,sped,p01m,vsby,,Time(hh:m:ss),valid
36,17.8,5.75,0,10,,01:00:00,01/05/2015 00:53
31,16.1,5.75,0,10,,02:00:00,01/05/2015 01:53
9,13.9,6.9,0,10,,03:00:00,01/05/2015 02:53
24,12.8,9.2,0,10,,04:00:00,01/05/2015 03:53
73,13.9,10.35,0,10,,05:00:00,01/05/2015 04:53
178,11.7,6.9,0,10,,06:00:00,01/05/2015 05:53
220,11.1,9.2,0,10,,07:00:00,01/05/2015 06:53
243,12.2,10.35,0,10,,08:00:00,01/05/2015 07:53
218,11.1,5.75,0,10,,09:00:00,01/05/2015 08:53
218,9.4,4.6,0,10,,10:00:00,01/05/2015 09:53
265,11.1,4.6,0,10,,11:00:00,01/05/2015 10:53
259,10,3.45,0,10,,12:00:00,01/05/2015 11:53
282,12.2,8.05,0,10,,13:00:00,01/05/2015 12:53
333,13.3,4.6,0,10,,14:00:00,01/05/2015 13:53
342,15,6.9,0,10,,15:00:00,01/05/2015 14:53
385,16.1,8.05,0,10,,16:00:00,01/05/2015 15:53
445,13.9,9.2,0.125,8,,17:00:00,01/05/2015 16:53
361,14.4,0,0.25,10,,18:00:00,01/05/2015 17:53
304,14.4,10.35,0,10,,19:00:00,01/05/2015 18:53
225,15,10.35,0,10,,20:00:00,01/05/2015 19:53
234,16.1,12.65,0,10,,21:00:00,01/05/2015 20:53
166,17.2,12.65,0,10,,22:00:00,01/05/2015 21:53
123,18.9,8.05,0,10,,23:00:00,01/05/2015 22:53
66,18.9,10.35,0,10,,00:00:00,01/05/2015 23:53
51,18.3,9.2,0,10,,01:00:00,02/05/2015 00:53
37,16.7,9.2,0,10,,02:00:00,02/05/2015 01:53
10,15,9.2,0,10,,03:00:00,02/05/2015 02:53
13,13.9,6.9,0,10,,04:00:00,02/05/2015 03:53
33,14,4.6,0,10,,05:00:00,02/05/2015 04:53
83,15,8.05,0,10,,06:00:00,02/05/2015 05:53
93,14.4,10.35,0,10,,07:00:00,02/05/2015 06:53
143,13.9,6.9,0,10,,08:00:00,02/05/2015 07:53
241,12.2,3.45,0,10,,09:00:00,02/05/2015 08:53
288,12.2,5.75,0,10,,10:00:00,02/05/2015 09:53
348,11.1,4.6,0,10,,11:00:00,02/05/2015 10:53
479,11.1,4.6,0,10,,12:00:00,02/05/2015 11:53
481,12.8,5.75,0,10,,13:00:00,02/05/2015 12:53
414,14.4,4.6,0,10,,14:00:00,02/05/2015 13:53
436,17.8,4.6,0,10,,15:00:00,02/05/2015 14:53
442,20.6,6.9,0,10,,16:00:00,02/05/2015 15:53
367,22.2,4.6,0,10,,17:00:00,02/05/2015 16:53
337,23.9,10.35,0,10,,18:00:00,02/05/2015 17:53
304,25.6,11.5,0,10,,19:00:00,02/05/2015 18:53
238,25.6,13.8,0,10,,20:00:00,02/05/2015 19:53
224,25.6,8.05,0,10,,21:00:00,02/05/2015 20:53
168,26.7,10.35,0,10,,22:00:00,02/05/2015 21:53
113,26.7,12.65,0,10,,23:00:00,02/05/2015 22:53
161,25.6,5.75,0,10,,00:00:00,02/05/2015 23:53
65,23.9,6.9,0,10,,01:00:00,03/05/2015 00:53
43,23.9,12.65,0,10,,02:00:00,03/05/2015 01:53
18,22.2,10.35,0,10,,03:00:00,03/05/2015 02:53
14,21.7,11.5,0,10,,04:00:00,03/05/2015 03:53
34,20,11.5,0,10,,05:00:00,03/05/2015 04:53
76,18.9,11.5,0,10,,06:00:00,03/05/2015 05:53
83,17.8,13.8,0,10,,07:00:00,03/05/2015 06:53
121,16.7,13.8,0,10,,08:00:00,03/05/2015 07:53
249,15.6,6.9,0,10,,09:00:00,03/05/2015 08:53
323,13.3,0,0,10,,10:00:00,03/05/2015 09:53
353,13.9,4.6,0,10,,11:00:00,03/05/2015 10:53
432,14.4,3.45,0,10,,12:00:00,03/05/2015 11:53
382,14.4,9.2,0,10,,13:00:00,03/05/2015 12:53
425,16.1,8.05,0,10,,14:00:00,03/05/2015 13:53
410,17.8,12.65,0,10,,15:00:00,03/05/2015 14:53
493,21.7,3.45,0,10,,16:00:00,03/05/2015 15:53
356,23.3,0,0,10,,17:00:00,03/05/2015 16:53
269,24.4,3.45,0,10,,18:00:00,03/05/2015 17:53
248,26.7,6.9,0,10,,19:00:00,03/05/2015 18:53
167,27.2,3.45,0,10,,20:00:00,03/05/2015 19:53
167,27.2,4.6,0,10,,21:00:00,03/05/2015 20:53
122,27.2,4.6,0,10,,22:00:00,03/05/2015 21:53
35,17.2,18.4,0.25,10,,23:00:00,03/05/2015 22:53
24,18.3,13.8,0,10,,00:00:00,03/05/2015 23:53
17,17.8,8.05,1.02,10,,01:00:00,04/05/2015 00:53
24,17.2,9.2,0,10,,02:00:00,04/05/2015 01:53
6,17.2,10.35,0,10,,03:00:00,04/05/2015 02:53
28,16.1,8.05,0,10,,04:00:00,04/05/2015 03:53
83,15,5.75,0,10,,05:00:00,04/05/2015 04:53
165,14.4,5.75,0,10,,06:00:00,04/05/2015 05:53
251,13.9,6.9,0,10,,07:00:00,04/05/2015 06:53
281,12.8,5.75,0,10,,08:00:00,04/05/2015 07:53
157,12.8,13.8,0,10,,09:00:00,04/05/2015 08:53
254,11.7,11.5,0,10,,10:00:00,04/05/2015 09:53
245,10.6,6.9,0,10,,11:00:00,04/05/2015 10:53
272,11.1,5.75,0,10,,12:00:00,04/05/2015 11:53
282,12.8,6.9,0,10,,13:00:00,04/05/2015 12:53
326,14.4,13.8,0,10,,14:00:00,04/05/2015 13:53
330,16.7,11.5,0,10,,15:00:00,04/05/2015 14:53
431,17.8,16.1,0,10,,16:00:00,04/05/2015 15:53
559,18.9,14.95,0,10,,17:00:00,04/05/2015 16:53
540,19.4,11.5,0,10,,18:00:00,04/05/2015 17:53
337,19.4,6.9,0,10,,19:00:00,04/05/2015 18:53
283,20.6,8,0,10,,20:00:00,04/05/2015 19:53
231,21.7,9.2,0,10,,21:00:00,04/05/2015 20:53
146,21.7,11.5,0,10,,22:00:00,04/05/2015 21:53
73,21.7,5.75,0,10,,23:00:00,04/05/2015 22:53
29,20,6.9,0,10,,00:00:00,04/05/2015 23:53
24,20.6,6.9,0,10,,01:00:00,05/05/2015 00:53
21,18.3,5.75,0,10,,02:00:00,05/05/2015 01:53
11,17.2,4.6,0,10,,03:00:00,05/05/2015 02:53
27,15,6.9,0,10,,04:00:00,05/05/2015 03:53
97,15,6.9,0,10,,05:00:00,05/05/2015 04:53
196,13.9,4.6,0,10,,06:00:00,05/05/2015 05:53
230,13.3,8.05,0,10,,07:00:00,05/05/2015 06:53
229,12.2,5.75,0,10,,08:00:00,05/05/2015 07:53
217,12.2,10.35,0,10,,09:00:00,05/05/2015 08:53
191,11.7,5.75,0,10,,10:00:00,05/05/2015 09:53
258,11.1,8.05,0,10,,11:00:00,05/05/2015 10:53
286,11.7,8.05,0,10,,12:00:00,05/05/2015 11:53
279,12.8,11.5,0,10,,13:00:00,05/05/2015 12:53
316,15,11.5,0,10,,14:00:00,05/05/2015 13:53
360,16.7,16.1,0,10,,15:00:00,05/05/2015 14:53
433,18.3,17.25,0,10,,16:00:00,05/05/2015 15:53
528,20,17.25,0,10,,17:00:00,05/05/2015 16:53
464,21.1,16.1,0,10,,18:00:00,05/05/2015 17:53
320,20.6,16.1,0,10,,19:00:00,05/05/2015 18:53
254,19.4,18.4,0,10,,20:00:00,05/05/2015 19:53
211,19.4,19.55,0,10,,21:00:00,05/05/2015 20:53
146,18.9,13.8,0,10,,22:00:00,05/05/2015 21:53
56,18.9,17.25,0,10,,23:00:00,05/05/2015 22:53
33,17.8,16.1,0,10,,00:00:00,05/05/2015 23:53
19,15.6,10.35,0.255,8,,01:00:00,06/05/2015 00:53
26,14.4,10.35,0.51,8,,02:00:00,06/05/2015 01:53
19,13.9,9.2,0.255,7,,03:00:00,06/05/2015 02:53
26,13.9,13.8,0,8,,04:00:00,06/05/2015 03:53
94,13.3,12.65,0,7,,05:00:00,06/05/2015 04:53
199,13.3,13.8,0,7,,06:00:00,06/05/2015 05:53
366,13.3,11.5,0,5,,07:00:00,06/05/2015 06:53
628,13.3,9.2,0,4,,08:00:00,06/05/2015 07:53
272,13.3,9.2,0,5,,09:00:00,06/05/2015 08:53
171,13.3,12.65,0,3,,10:00:00,06/05/2015 09:53
250,13.3,9.2,0,3,,11:00:00,06/05/2015 10:53
265,13.3,10.35,0,1.5,,12:00:00,06/05/2015 11:53
315,13.3,12.65,0,2,,13:00:00,06/05/2015 12:53
333,13.9,11.5,0,2,,14:00:00,06/05/2015 13:53
334,14.4,11.5,0,3,,15:00:00,06/05/2015 14:53
445,15.6,13.8,0,5,,16:00:00,06/05/2015 15:53
531,17.8,16.1,0,7,,17:00:00,06/05/2015 16:53
473,18.3,16.1,0,7,,18:00:00,06/05/2015 17:53
345,20.6,16.1,0,7,,19:00:00,06/05/2015 18:53
298,22.8,20.7,0,8,,20:00:00,06/05/2015 19:53
222,24.4,19.55,0,10,,21:00:00,06/05/2015 20:53
148,24,21.85,0,10,,22:00:00,06/05/2015 21:53
75,21.7,17.25,0,10,,23:00:00,06/05/2015 22:53
27,21.7,20.7,0,8,,00:00:00,06/05/2015 23:53
27,20.6,14.95,0,10,,01:00:00,07/05/2015 00:53
24,20,10.35,0,10,,02:00:00,07/05/2015 01:53
12,19.4,10.35,0,10,,03:00:00,07/05/2015 02:53
27,19.4,10.35,0,10,,04:00:00,07/05/2015 03:53
74,19.4,13.8,0,10,,05:00:00,07/05/2015 04:53
217,18.3,11.5,0,10,,06:00:00,07/05/2015 05:53
263,18.3,8.05,0,10,,07:00:00,07/05/2015 06:53
284,18.9,10.35,0,10,,08:00:00,07/05/2015 07:53
216,18.3,11.5,0,10,,09:00:00,07/05/2015 08:53
169,18.3,10.35,0,10,,10:00:00,07/05/2015 09:53
253,19.4,14.95,0,10,,11:00:00,07/05/2015 10:53
278,18.3,11.5,0,10,,12:00:00,07/05/2015 11:53
242,18.9,13.8,0,10,,13:00:00,07/05/2015 12:53
302,18.9,13.8,0,8,,14:00:00,07/05/2015 13:53
354,20,14.95,0,10,,15:00:00,07/05/2015 14:53
382,20.6,16.1,0,10,,16:00:00,07/05/2015 15:53
528,21.1,14.95,0.125,10,,17:00:00,07/05/2015 16:53
416,21.1,16.1,0.51,3,,18:00:00,07/05/2015 17:53
349,20,5.75,1.52,10,,19:00:00,07/05/2015 18:53
291,21.7,11.5,0,10,,20:00:00,07/05/2015 19:53
238,22.2,4.6,0,10,,21:00:00,07/05/2015 20:53
128,24.4,10.35,0,10,,22:00:00,07/05/2015 21:53
81,20,10.35,6.6,8,,23:00:00,07/05/2015 22:53
46,20,8.05,3.3,10,,00:00:00,07/05/2015 23:53
29,20,6.9,0,10,,01:00:00,08/05/2015 00:53
18,18.9,4.6,0,10,,02:00:00,08/05/2015 01:53
23,18.9,8.05,0.25,9,,03:00:00,08/05/2015 02:53
25,17.8,6.9,0,10,,04:00:00,08/05/2015 03:53
52,17.8,13.8,0,10,,05:00:00,08/05/2015 04:53
175,16.7,10.35,0,8,,06:00:00,08/05/2015 05:53
261,15.6,10.35,0.125,7,,07:00:00,08/05/2015 06:53
241,12.8,12.65,0.25,8,,08:00:00,08/05/2015 07:53
215,11.1,9.2,0.51,10,,09:00:00,08/05/2015 08:53
215,10,11.5,0,10,,10:00:00,08/05/2015 09:53
279,9.4,10.35,0,10,,11:00:00,08/05/2015 10:53
307,9.4,10.35,0,9,,12:00:00,08/05/2015 11:53
303,10,9.2,0,10,,13:00:00,08/05/2015 12:53
347,10,12.65,0,10,,14:00:00,08/05/2015 13:53
373,10.6,8.05,0,9,,15:00:00,08/05/2015 14:53
421,11.1,10.35,0,10,,16:00:00,08/05/2015 15:53
444,12.2,11.5,0,10,,17:00:00,08/05/2015 16:53
375,12.2,10.35,0,9,,18:00:00,08/05/2015 17:53
277,12.8,10.35,0,9,,19:00:00,08/05/2015 18:53
265,13.9,6.9,0,9,,20:00:00,08/05/2015 19:53
268,14.4,6.9,0,9,,21:00:00,08/05/2015 20:53
154,15.6,5.75,0,10,,22:00:00,08/05/2015 21:53
95,15.6,6.9,0,10,,23:00:00,08/05/2015 22:53
57,15.6,5.75,0,10,,00:00:00,08/05/2015 23:53
43,14.4,5.75,0,10,,01:00:00,09/05/2015 00:53
31,13.3,6.9,0,10,,02:00:00,09/05/2015 01:53
14,12.2,6.9,0,10,,03:00:00,09/05/2015 02:53
15,11.1,4.6,0,10,,04:00:00,09/05/2015 03:53
25,10.6,5.75,0,10,,05:00:00,09/05/2015 04:53
56,10,8.05,0,10,,06:00:00,09/05/2015 05:53
95,8.9,6.9,0,10,,07:00:00,09/05/2015 06:53
200,8.3,5.75,0,10,,08:00:00,09/05/2015 07:53
284,8.3,8.05,0,10,,09:00:00,09/05/2015 08:53
385,7.8,6.9,0,10,,10:00:00,09/05/2015 09:53
341,7.2,8.05,0,10,,11:00:00,09/05/2015 10:53
431,7.2,8.05,0,10,,12:00:00,09/05/2015 11:53
408,8.3,10.35,0,10,,13:00:00,09/05/2015 12:53
357,10,5.75,0,10,,14:00:00,09/05/2015 13:53
384,11.7,9.2,0,10,,15:00:00,09/05/2015 14:53
362,13.9,6.9,0,10,,16:00:00,09/05/2015 15:53
329,15,6.9,0,10,,17:00:00,09/05/2015 16:53
310,16.7,8.05,0,10,,18:00:00,09/05/2015 17:53
249,17.8,10.35,0,10,,19:00:00,09/05/2015 18:53
231,18.9,3.45,0,10,,20:00:00,09/05/2015 19:53
220,18.9,4.6,0,10,,21:00:00,09/05/2015 20:53
183,20,3.45,0,10,,22:00:00,09/05/2015 21:53
115,20,6.9,0,10,,23:00:00,09/05/2015 22:53
75,19.4,9.2,0,10,,00:00:00,09/05/2015 23:53
51,18.3,12.65,0,10,,01:00:00,10/05/2015 00:53
30,16.7,9.2,0,10,,02:00:00,10/05/2015 01:53
19,15.6,17.25,0,10,,03:00:00,10/05/2015 02:53
17,13.3,16.1,0,10,,04:00:00,10/05/2015 03:53
38,12.2,12.65,0,10,,05:00:00,10/05/2015 04:53
45,10.6,12.65,0,10,,06:00:00,10/05/2015 05:53
58,10,13.8,0,10,,07:00:00,10/05/2015 06:53
121,9.4,16.1,0,10,,08:00:00,10/05/2015 07:53
254,8.9,13.8,0,10,,09:00:00,10/05/2015 08:53
311,8.9,11.5,0,10,,10:00:00,10/05/2015 09:53
329,8.9,11.5,0,10,,11:00:00,10/05/2015 10:53
341,9.4,16.1,0,10,,12:00:00,10/05/2015 11:53
339,10,11.5,0,10,,13:00:00,10/05/2015 12:53
331,11.1,17.25,0,10,,14:00:00,10/05/2015 13:53
358,12.2,19.55,0,10,,15:00:00,10/05/2015 14:53
314,12.8,16.1,0,10,,16:00:00,10/05/2015 15:53
322,12.8,17.25,0,10,,17:00:00,10/05/2015 16:53
285,12.8,12.65,0.25,10,,18:00:00,10/05/2015 17:53
254,14.4,16.1,0,10,,19:00:00,10/05/2015 18:53
153,15.6,16.1,0,10,,20:00:00,10/05/2015 19:53
174,15.6,13.8,0,10,,21:00:00,10/05/2015 20:53
105,15.6,13.8,0,10,,22:00:00,10/05/2015 21:53
67,15,18.4,0,10,,23:00:00,10/05/2015 22:53
29,15,12.65,0,10,,00:00:00,10/05/2015 23:53
12,13.9,8.05,0.25,4,,01:00:00,11/05/2015 00:53
14,12.8,11.5,3.3,6,,02:00:00,11/05/2015 01:53
12,12.8,11.5,1.02,2.5,,03:00:00,11/05/2015 02:53
29,12.8,5.75,4.06,5,,04:00:00,11/05/2015 03:53
90,12.8,14.95,6.1,2,,05:00:00,11/05/2015 04:53
196,12.8,16.1,3.3,8,,06:00:00,11/05/2015 05:53
219,12.2,13.8,1.02,8,,07:00:00,11/05/2015 06:53
192,12.2,13.8,0.6,7,,08:00:00,11/05/2015 07:53
207,11.7,14.95,0,5,,09:00:00,11/05/2015 08:53
162,12.2,16.1,0,5,,10:00:00,11/05/2015 09:53
221,12.2,10.35,0,6,,11:00:00,11/05/2015 10:53
245,12.8,13.8,0,9,,12:00:00,11/05/2015 11:53
271,11.1,12.65,0,10,,13:00:00,11/05/2015 12:53
269,10.6,11.5,0,10,,14:00:00,11/05/2015 13:53
327,10,10.35,0,10,,15:00:00,11/05/2015 14:53
398,9.4,12.65,0,10,,16:00:00,11/05/2015 15:53
440,9.4,11.5,0,10,,17:00:00,11/05/2015 16:53
371,8.9,10.35,0,8,,18:00:00,11/05/2015 17:53
325,9.4,13.8,0,10,,19:00:00,11/05/2015 18:53
241,9.4,9.2,0,8,,20:00:00,11/05/2015 19:53
195,9.4,6.9,0,8,,21:00:00,11/05/2015 20:53
147,10,9.2,0,10,,22:00:00,11/05/2015 21:53
64,9.4,16.1,0,4,,23:00:00,11/05/2015 22:53
41,8.9,14.95,0,10,,00:00:00,11/05/2015 23:53
28,8.3,12.65,0,10,,01:00:00,12/05/2015 00:53
27,7.2,14.95,0,4,,02:00:00,12/05/2015 01:53
13,7.8,10.35,0.25,7,,03:00:00,12/05/2015 02:53
31,8.3,14.95,0.51,10,,04:00:00,12/05/2015 03:53
91,7.2,16.1,0.51,6,,05:00:00,12/05/2015 04:53
211,6.7,14.95,0.51,3,,06:00:00,12/05/2015 05:53
212,6.1,11.5,0.25,3,,07:00:00,12/05/2015 06:53
221,5,17.25,0.25,4,,08:00:00,12/05/2015 07:53
203,5,16.1,0.25,10,,09:00:00,12/05/2015 08:53
191,4.4,13.8,0,10,,10:00:00,12/05/2015 09:53
203,3.9,13.8,0,8,,11:00:00,12/05/2015 10:53
265,3.9,14.95,0,10,,12:00:00,12/05/2015 11:53
239,4.4,19.55,0,10,,13:00:00,12/05/2015 12:53
306,5.6,20.7,0,10,,14:00:00,12/05/2015 13:53
323,6.7,21.85,0,10,,15:00:00,12/05/2015 14:53
372,8.3,18.4,0,10,,16:00:00,12/05/2015 15:53
516,8.9,11.5,0,10,,17:00:00,12/05/2015 16:53
408,9.4,16.1,0,10,,18:00:00,12/05/2015 17:53
346,11.7,14.95,0,10,,19:00:00,12/05/2015 18:53
264,12.2,16.1,0,10,,20:00:00,12/05/2015 19:53
236,13.3,14.95,0,10,,21:00:00,12/05/2015 20:53
130,13.3,12.65,0,10,,22:00:00,12/05/2015 21:53
63,13.9,9.2,0,10,,23:00:00,12/05/2015 22:53
46,13.3,9.2,0,10,,00:00:00,12/05/2015 23:53
26,12.2,6.9,0,10,,01:00:00,13/05/2015 00:53
20,10.6,5.75,0,10,,02:00:00,13/05/2015 01:53
17,10,8.05,0,10,,03:00:00,13/05/2015 02:53
31,9.4,4.6,0,10,,04:00:00,13/05/2015 03:53
91,9.4,6.9,0,10,,05:00:00,13/05/2015 04:53
221,7.8,8.05,0,10,,06:00:00,13/05/2015 05:53
236,8.3,9.2,0,10,,07:00:00,13/05/2015 06:53
261,7.8,10.35,0,10,,08:00:00,13/05/2015 07:53
183,7.2,13.8,0,10,,09:00:00,13/05/2015 08:53
179,6.7,11.5,0,10,,10:00:00,13/05/2015 09:53
226,6.7,11.5,0,10,,11:00:00,13/05/2015 10:53
276,6.7,12.65,0,10,,12:00:00,13/05/2015 11:53
264,7.8,13.8,0,10,,13:00:00,13/05/2015 12:53
326,8.3,12.65,0,10,,14:00:00,13/05/2015 13:53
335,11.1,18.4,0,10,,15:00:00,13/05/2015 14:53
391,12.2,16.1,0,10,,16:00:00,13/05/2015 15:53
509,13.9,13.8,0,10,,17:00:00,13/05/2015 16:53
466,15.6,19.55,0,10,,18:00:00,13/05/2015 17:53
351,16.7,14.95,0,10,,19:00:00,13/05/2015 18:53
268,17.8,18.4,0,10,,20:00:00,13/05/2015 19:53
227,18.9,16.1,0,10,,21:00:00,13/05/2015 20:53
156,19.4,14.95,0,10,,22:00:00,13/05/2015 21:53
70,18.9,16.1,0,10,,23:00:00,13/05/2015 22:53
44,18.3,14.95,0,10,,00:00:00,13/05/2015 23:53
33,17.8,14.95,0,10,,01:00:00,14/05/2015 00:53
27,17.2,16.1,0,10,,02:00:00,14/05/2015 01:53
15,16.7,14.95,0,10,,03:00:00,14/05/2015 02:53
24,15,13.8,0,10,,04:00:00,14/05/2015 03:53
82,13.9,11.5,0,10,,05:00:00,14/05/2015 04:53
207,13.9,11.5,0,10,,06:00:00,14/05/2015 05:53
229,13.3,11.5,0,10,,07:00:00,14/05/2015 06:53
265,12.8,10.35,0,10,,08:00:00,14/05/2015 07:53
198,12.8,10.35,0,10,,09:00:00,14/05/2015 08:53
172,12.2,9.2,0,10,,10:00:00,14/05/2015 09:53
224,12.2,13.8,0,10,,11:00:00,14/05/2015 10:53
291,11.7,12.65,0,10,,12:00:00,14/05/2015 11:53
289,10.6,17.25,0.25,9,,13:00:00,14/05/2015 12:53
311,10.6,14.95,0.25,10,,14:00:00,14/05/2015 13:53
297,11.7,11.5,0.25,10,,15:00:00,14/05/2015 14:53
404,11.1,12.65,0.25,10,,16:00:00,14/05/2015 15:53
626,11.1,19.55,0.25,10,,17:00:00,14/05/2015 16:53
413,10.6,17.25,0.25,8,,18:00:00,14/05/2015 17:53
262,11.1,17.25,0.25,8,,19:00:00,14/05/2015 18:53
290,11.1,16.1,0.51,7,,20:00:00,14/05/2015 19:53
226,11.7,14.95,0.76,6,,21:00:00,14/05/2015 20:53
163,11.7,12.65,1.52,6,,22:00:00,14/05/2015 21:53
75,11.7,12.65,1.02,6,,23:00:00,14/05/2015 22:53
33,11.7,9.2,1.78,5,,00:00:00,14/05/2015 23:53
30,12.2,8.05,1.27,4,,01:00:00,15/05/2015 00:53
30,12.2,9.2,0.51,4,,02:00:00,15/05/2015 01:53
13,12.2,9.2,0.38,3,,03:00:00,15/05/2015 02:53
27,12.2,4.6,0.25,3,,04:00:00,15/05/2015 03:53
66,12.2,3.45,0,4,,05:00:00,15/05/2015 04:53
192,12.2,0,0,3,,06:00:00,15/05/2015 05:53
216,12.2,0,0,3,,07:00:00,15/05/2015 06:53
198,12.2,6.9,0,6,,08:00:00,15/05/2015 07:53
203,12.2,8.05,0,6,,09:00:00,15/05/2015 08:53
180,11.7,5.75,0,7,,10:00:00,15/05/2015 09:53
262,11.7,6.9,0,7,,11:00:00,15/05/2015 10:53
302,11.7,6.9,0,6,,12:00:00,15/05/2015 11:53
311,11.7,8.05,0,6,,13:00:00,15/05/2015 12:53
339,12.2,8.05,0,8,,14:00:00,15/05/2015 13:53
368,13.3,8.05,0,9,,15:00:00,15/05/2015 14:53
531,13.9,4.6,0,10,,16:00:00,15/05/2015 15:53
558,15,5.75,0,10,,17:00:00,15/05/2015 16:53
432,16.1,4.6,0,10,,18:00:00,15/05/2015 17:53
302,17.2,3.45,0,10,,19:00:00,15/05/2015 18:53
262,17.2,3.45,0,10,,20:00:00,15/05/2015 19:53
237,18.3,3.45,0,10,,21:00:00,15/05/2015 20:53
198,19.4,5.75,0,10,,22:00:00,15/05/2015 21:53
100,18.9,0,0,10,,23:00:00,15/05/2015 22:53
71,18.3,3.45,0,10,,00:00:00,15/05/2015 23:53
62,17.8,4.6,0,10,,01:00:00,16/05/2015 00:53
39,17.2,8.05,0,10,,02:00:00,16/05/2015 01:53
24,16.7,9.2,0,10,,03:00:00,16/05/2015 02:53
18,16.1,5.75,0,10,,04:00:00,16/05/2015 03:53
32,15.6,5.75,0,10,,05:00:00,16/05/2015 04:53
50,15,6.9,0,10,,06:00:00,16/05/2015 05:53
83,15,8.05,0,10,,07:00:00,16/05/2015 06:53
117,15,8.05,0,10,,08:00:00,16/05/2015 07:53
243,14.4,8.05,0,10,,09:00:00,16/05/2015 08:53
293,14.4,10.35,0,10,,10:00:00,16/05/2015 09:53
358,14.4,8.05,0,10,,11:00:00,16/05/2015 10:53
409,15,9.2,0,10,,12:00:00,16/05/2015 11:53
371,16.1,13.8,0,10,,13:00:00,16/05/2015 12:53
338,16.7,13.8,0,10,,14:00:00,16/05/2015 13:53
362,18.9,10.35,0,10,,15:00:00,16/05/2015 14:53
375,19.4,12.65,0,10,,16:00:00,16/05/2015 15:53
386,21.1,12.65,0,10,,17:00:00,16/05/2015 16:53
318,21.7,14.95,0,10,,18:00:00,16/05/2015 17:53
272,22.8,12.65,0,10,,19:00:00,16/05/2015 18:53
242,23.3,13.8,0,10,,20:00:00,16/05/2015 19:53
203,23.9,12.65,0,10,,21:00:00,16/05/2015 20:53
165,23.9,12.65,0,10,,22:00:00,16/05/2015 21:53
118,24.4,18.4,0,10,,23:00:00,16/05/2015 22:53
79,24.4,18.4,0,10,,00:00:00,16/05/2015 23:53
46,23.9,16.1,0,9,,01:00:00,17/05/2015 00:53
47,22.8,21.85,0,2,,02:00:00,17/05/2015 01:53
27,20.6,12.65,1.52,10,,03:00:00,17/05/2015 02:53
11,20,9.2,0,10,,04:00:00,17/05/2015 03:53
45,20,10.35,0,10,,05:00:00,17/05/2015 04:53
39,20,11.5,0,8,,06:00:00,17/05/2015 05:53
68,20,9.2,0,7,,07:00:00,17/05/2015 06:53
104,20,14.95,0,9,,08:00:00,17/05/2015 07:53
208,20.6,14.95,0,10,,09:00:00,17/05/2015 08:53
242,20,12.65,0,9,,10:00:00,17/05/2015 09:53
295,20,14.95,0,9,,11:00:00,17/05/2015 10:53
355,20.6,21.85,0,6,,12:00:00,17/05/2015 11:53
350,20,23,0,4,,13:00:00,17/05/2015 12:53
372,20.6,18.4,0,8,,14:00:00,17/05/2015 13:53
378,20.6,12.65,1,8,,15:00:00,17/05/2015 14:53
412,20,12.65,2.03,10,,16:00:00,17/05/2015 15:53
354,22.8,21.85,2.03,10,,17:00:00,17/05/2015 16:53
344,22.8,14.95,0,10,,18:00:00,17/05/2015 17:53
240,22.8,20.7,0,10,,19:00:00,17/05/2015 18:53
200,22.8,17.25,0,10,,20:00:00,17/05/2015 19:53
167,21.7,17.25,0,10,,21:00:00,17/05/2015 20:53
113,18.9,12.65,0,10,,22:00:00,17/05/2015 21:53
48,19.4,12.65,0,10,,23:00:00,17/05/2015 22:53
27,19.4,14.95,0,10,,00:00:00,17/05/2015 23:53
14,20,16.1,0,10,,01:00:00,18/05/2015 00:53
11,16.7,23,0,10,,02:00:00,18/05/2015 01:53
7,13.3,25.3,0,10,,03:00:00,18/05/2015 02:53
33,10.6,25.3,0,10,,04:00:00,18/05/2015 03:53
87,10,25.3,0,10,,05:00:00,18/05/2015 04:53
206,8.9,18.4,0,10,,06:00:00,18/05/2015 05:53
239,8.3,18.4,0,10,,07:00:00,18/05/2015 06:53
193,7.2,27.6,0,10,,08:00:00,18/05/2015 07:53
192,6.7,19.55,0,10,,09:00:00,18/05/2015 08:53
177,6.1,18.4,0,10,,10:00:00,18/05/2015 09:53
220,5.6,17.25,0,10,,11:00:00,18/05/2015 10:53
239,5,14.95,0,10,,12:00:00,18/05/2015 11:53
222,5,19.55,0,10,,13:00:00,18/05/2015 12:53
300,5,19.55,0,8,,14:00:00,18/05/2015 13:53
339,5,18.4,0,7,,15:00:00,18/05/2015 14:53
396,6.7,20.7,0,10,,16:00:00,18/05/2015 15:53
497,6.7,26.45,0,10,,17:00:00,18/05/2015 16:53
390,8.3,17.25,0,10,,18:00:00,18/05/2015 17:53
294,8.3,18.4,0,10,,19:00:00,18/05/2015 18:53
260,8.3,13.8,0,10,,20:00:00,18/05/2015 19:53
236,7.8,17.25,0,10,,21:00:00,18/05/2015 20:53
142,7.2,23,0,10,,22:00:00,18/05/2015 21:53
51,7.2,12.65,0,10,,23:00:00,18/05/2015 22:53
25,7.2,18.4,0,10,,00:00:00,18/05/2015 23:53
37,7.2,12.65,0,10,,01:00:00,19/05/2015 00:53
27,6.7,18.4,0,10,,02:00:00,19/05/2015 01:53
10,6.1,16.1,0,10,,03:00:00,19/05/2015 02:53
35,6.1,12.65,0,10,,04:00:00,19/05/2015 03:53
81,6.1,17.25,0,10,,05:00:00,19/05/2015 04:53
215,4.4,16.1,0,10,,06:00:00,19/05/2015 05:53
216,4.4,13.8,0,10,,07:00:00,19/05/2015 06:53
242,3.3,12.65,0,10,,08:00:00,19/05/2015 07:53
184,3.3,6.9,0,10,,09:00:00,19/05/2015 08:53
210,3.3,9.2,0,10,,10:00:00,19/05/2015 09:53
229,2.8,14.95,0,10,,11:00:00,19/05/2015 10:53
245,3.3,14.95,0,10,,12:00:00,19/05/2015 11:53
261,3.9,10.35,0,10,,13:00:00,19/05/2015 12:53
290,4.4,8.05,0,10,,14:00:00,19/05/2015 13:53
349,5,5.75,0,10,,15:00:00,19/05/2015 14:53
382,6.7,8.05,0,10,,16:00:00,19/05/2015 15:53
553,7.8,12.65,0,10,,17:00:00,19/05/2015 16:53
400,10.6,8.05,0,10,,18:00:00,19/05/2015 17:53
303,11.7,6.9,0,10,,19:00:00,19/05/2015 18:53
300,12.2,8.05,0,10,,20:00:00,19/05/2015 19:53
224,13.3,8.05,0,10,,21:00:00,19/05/2015 20:53
151,13.9,8.05,0,10,,22:00:00,19/05/2015 21:53
68,13.9,5.75,0,10,,23:00:00,19/05/2015 22:53
37,13.9,4.6,0,10,,00:00:00,19/05/2015 23:53
24,13.9,0,0,10,,01:00:00,20/05/2015 00:53
26,11.7,4.6,0,10,,02:00:00,20/05/2015 01:53
8,11.7,0,0,10,,03:00:00,20/05/2015 02:53
32,9.4,0,0,10,,04:00:00,20/05/2015 03:53
87,7.8,0,0,10,,05:00:00,20/05/2015 04:53
215,7.8,0,0,10,,06:00:00,20/05/2015 05:53
237,5.6,0,0,10,,07:00:00,20/05/2015 06:53
206,5.6,0,0,10,,08:00:00,20/05/2015 07:53
180,6.1,0,0,8,,09:00:00,20/05/2015 08:53
212,5.6,0,0,8,,10:00:00,20/05/2015 09:53
248,5.6,0,0,7,,11:00:00,20/05/2015 10:53
295,7.2,0,0,8,,12:00:00,20/05/2015 11:53
287,8.9,0,0,8,,13:00:00,20/05/2015 12:53
291,11.1,0,0,8,,14:00:00,20/05/2015 13:53
324,12.2,5.75,0,10,,15:00:00,20/05/2015 14:53
379,12.8,0,0,10,,16:00:00,20/05/2015 15:53
608,13.3,8.05,0,10,,17:00:00,20/05/2015 16:53
479,13.3,6.9,0,10,,18:00:00,20/05/2015 17:53
317,15,10.35,0,10,,19:00:00,20/05/2015 18:53
266,15.6,10.35,0,10,,20:00:00,20/05/2015 19:53
223,15.6,10.35,0,10,,21:00:00,20/05/2015 20:53
155,15.6,12.65,0,10,,22:00:00,20/05/2015 21:53
74,16.1,6.9,0,10,,23:00:00,20/05/2015 22:53
36,15.6,9.2,0,10,,00:00:00,20/05/2015 23:53
27,14.4,9.2,0,10,,01:00:00,21/05/2015 00:53
17,13.9,5.75,0,10,,02:00:00,21/05/2015 01:53
18,12.8,5.75,0,10,,03:00:00,21/05/2015 02:53
25,11.7,6.9,0,10,,04:00:00,21/05/2015 03:53
82,10.6,6.9,0,10,,05:00:00,21/05/2015 04:53
204,10,5.75,0,10,,06:00:00,21/05/2015 05:53
223,9.4,5.75,0,10,,07:00:00,21/05/2015 06:53
208,8.9,3.45,0,10,,08:00:00,21/05/2015 07:53
207,8.3,5.75,0,10,,09:00:00,21/05/2015 08:53
233,7.8,4.6,0,10,,10:00:00,21/05/2015 09:53
223,7.2,5.75,0,10,,11:00:00,21/05/2015 10:53
282,8.3,6.9,0,10,,12:00:00,21/05/2015 11:53
270,10,8.05,0,10,,13:00:00,21/05/2015 12:53
299,12.2,10.35,0,10,,14:00:00,21/05/2015 13:53
333,15,6.9,0,10,,15:00:00,21/05/2015 14:53
415,18.3,11.5,0,10,,16:00:00,21/05/2015 15:53
577,20,11.5,0,10,,17:00:00,21/05/2015 16:53
471,21.1,13.8,0,10,,18:00:00,21/05/2015 17:53
356,21.7,18.4,0,10,,19:00:00,21/05/2015 18:53
296,22.8,11.5,0,10,,20:00:00,21/05/2015 19:53
202,22.8,17.25,0,10,,21:00:00,21/05/2015 20:53
151,22.8,13.8,0,10,,22:00:00,21/05/2015 21:53
69,22.2,13.8,0,10,,23:00:00,21/05/2015 22:53
37,21.7,16.1,0,10,,00:00:00,21/05/2015 23:53
32,20,12.65,0,10,,01:00:00,22/05/2015 00:53
24,18.3,5.75,0,10,,02:00:00,22/05/2015 01:53
19,17.2,4.6,0,10,,03:00:00,22/05/2015 02:53
22,15,5.75,0,10,,04:00:00,22/05/2015 03:53
57,14.4,4.6,0,10,,05:00:00,22/05/2015 04:53
172,12.2,6.9,0,10,,06:00:00,22/05/2015 05:53
213,13.3,4.6,0,10,,07:00:00,22/05/2015 06:53
217,12.2,3.45,0,10,,08:00:00,22/05/2015 07:53
182,11.1,0,0,10,,09:00:00,22/05/2015 08:53
252,9.4,0,0,10,,10:00:00,22/05/2015 09:53
255,10,0,0,10,,11:00:00,22/05/2015 10:53
279,10.6,0,0,10,,12:00:00,22/05/2015 11:53
286,13.3,3.45,0,10,,13:00:00,22/05/2015 12:53
320,15.6,4.6,0,10,,14:00:00,22/05/2015 13:53
345,18.3,0,0,10,,15:00:00,22/05/2015 14:53
393,19.4,0,0,10,,16:00:00,22/05/2015 15:53
392,20,4.6,0,10,,17:00:00,22/05/2015 16:53
347,21.1,3.45,0,10,,18:00:00,22/05/2015 17:53
291,22.2,4.6,0,10,,19:00:00,22/05/2015 18:53
264,22.2,6.9,0,10,,20:00:00,22/05/2015 19:53
205,22.2,3.45,0,10,,21:00:00,22/05/2015 20:53
173,23.3,6.9,0,10,,22:00:00,22/05/2015 21:53
100,23.3,5.75,0,10,,23:00:00,22/05/2015 22:53
81,22.2,5.75,0,10,,00:00:00,22/05/2015 23:53
39,22.8,4.6,0,10,,01:00:00,23/05/2015 00:53
34,21.1,3.45,0,10,,02:00:00,23/05/2015 01:53
18,19.4,3.45,0,10,,03:00:00,23/05/2015 02:53
18,17.2,5.75,0,10,,04:00:00,23/05/2015 03:53
34,16.1,4.6,0,10,,05:00:00,23/05/2015 04:53
58,15,4.6,0,10,,06:00:00,23/05/2015 05:53
73,15,4.6,0,10,,07:00:00,23/05/2015 06:53
123,13.9,0,0,10,,08:00:00,23/05/2015 07:53
194,14.4,0,0,10,,09:00:00,23/05/2015 08:53
259,11.1,0,0,10,,10:00:00,23/05/2015 09:53
242,12.2,4.6,0,10,,11:00:00,23/05/2015 10:53
268,13.3,3.45,0,10,,12:00:00,23/05/2015 11:53
320,15,0,0,10,,13:00:00,23/05/2015 12:53
288,16.7,5.75,0,10,,14:00:00,23/05/2015 13:53
323,17.8,5.75,0,10,,15:00:00,23/05/2015 14:53
318,18.9,10.35,0,10,,16:00:00,23/05/2015 15:53
316,19.4,6.9,0,10,,17:00:00,23/05/2015 16:53
279,21.1,5.75,0,10,,18:00:00,23/05/2015 17:53
206,22.2,8.05,0,10,,19:00:00,23/05/2015 18:53
211,22.8,3.45,0,10,,20:00:00,23/05/2015 19:53
175,22.8,0,0,10,,21:00:00,23/05/2015 20:53
175,21.1,11.5,0,10,,22:00:00,23/05/2015 21:53
98,21.1,13.8,0,10,,23:00:00,23/05/2015 22:53
50,20,12.65,0,10,,00:00:00,23/05/2015 23:53
46,18.9,12.65,0,10,,01:00:00,24/05/2015 00:53
40,17.8,8.05,0,10,,02:00:00,24/05/2015 01:53
23,17.8,9.2,0,10,,03:00:00,24/05/2015 02:53
12,17.2,6.9,0,10,,04:00:00,24/05/2015 03:53
35,17.2,4.6,0,10,,05:00:00,24/05/2015 04:53
30,16.7,8.05,0,10,,06:00:00,24/05/2015 05:53
52,16.7,5.75,0,10,,07:00:00,24/05/2015 06:53
82,15.6,4.6,0.51,10,,08:00:00,24/05/2015 07:53
145,16.1,4.6,0,10,,09:00:00,24/05/2015 08:53
194,16.1,5.75,0,10,,10:00:00,24/05/2015 09:53
205,16.1,6.9,0,10,,11:00:00,24/05/2015 10:53
302,16.7,8.05,0,10,,12:00:00,24/05/2015 11:53
261,16.7,5.75,0,10,,13:00:00,24/05/2015 12:53
254,17.2,8.05,0,10,,14:00:00,24/05/2015 13:53
254,17.2,9.2,0,8,,15:00:00,24/05/2015 14:53
302,16.7,9.2,0.76,5,,16:00:00,24/05/2015 15:53
286,17.2,9.2,0.25,7,,17:00:00,24/05/2015 16:53
268,17.2,16.1,0.25,8,,18:00:00,24/05/2015 17:53
223,16.1,14.95,0.76,5,,19:00:00,24/05/2015 18:53
179,16.1,11.5,0.76,8,,20:00:00,24/05/2015 19:53
148,16.1,11.5,0.76,6,,21:00:00,24/05/2015 20:53
132,15.6,10.35,1.27,4,,22:00:00,24/05/2015 21:53
72,15.6,10.35,1.02,2,,23:00:00,24/05/2015 22:53
35,15.6,11.5,0.76,5,,00:00:00,24/05/2015 23:53
24,15.6,10.35,0.51,6,,01:00:00,25/05/2015 00:53
31,15,11.5,0.25,3,,02:00:00,25/05/2015 01:53
13,15,12.65,1.02,3,,03:00:00,25/05/2015 02:53
19,14.4,10.35,1.02,2.5,,04:00:00,25/05/2015 03:53
42,14.4,9.2,1.52,3,,05:00:00,25/05/2015 04:53
44,14.4,9.2,1.52,6,,06:00:00,25/05/2015 05:53
52,14.4,11.5,2.79,2.5,,07:00:00,25/05/2015 06:53
105,14.4,12.65,1.27,4,,08:00:00,25/05/2015 07:53
118,14.4,9.2,0.25,6,,09:00:00,25/05/2015 08:53
211,14.4,9.2,0,7,,10:00:00,25/05/2015 09:53
259,13.9,10.35,0,1.75,,11:00:00,25/05/2015 10:53
287,14.4,4.6,0,0.75,,12:00:00,25/05/2015 11:53
302,15,5.75,0,2,,13:00:00,25/05/2015 12:53
357,15.6,9.2,0,5,,14:00:00,25/05/2015 13:53
298,16.1,12.65,0,10,,15:00:00,25/05/2015 14:53
306,16.1,11.5,0,10,,16:00:00,25/05/2015 15:53
313,17.2,17.25,0,10,,17:00:00,25/05/2015 16:53
253,18.9,11.5,0,10,,18:00:00,25/05/2015 17:53
263,18.9,12.65,0,10,,19:00:00,25/05/2015 18:53
205,19.4,13.8,0,10,,20:00:00,25/05/2015 19:53
150,20.6,13.8,0,10,,21:00:00,25/05/2015 20:53
123,22.2,12.65,0,10,,22:00:00,25/05/2015 21:53
62,22.2,14.95,0,10,,23:00:00,25/05/2015 22:53
38,22.2,10.35,0,10,,00:00:00,25/05/2015 23:53
23,22.2,8.05,0,10,,01:00:00,26/05/2015 00:53
21,21.1,6.9,0,10,,02:00:00,26/05/2015 01:53
14,19.4,4.6,0,10,,03:00:00,26/05/2015 02:53
30,18.9,6.9,0,10,,04:00:00,26/05/2015 03:53
82,17.8,5.75,0,10,,05:00:00,26/05/2015 04:53
193,17.2,5.75,0,10,,06:00:00,26/05/2015 05:53
228,16.7,0,0,10,,07:00:00,26/05/2015 06:53
179,15.6,0,0,10,,08:00:00,26/05/2015 07:53
170,15.6,3.45,0,10,,09:00:00,26/05/2015 08:53
155,13.9,3.45,0,10,,10:00:00,26/05/2015 09:53
212,14.4,0,0,8,,11:00:00,26/05/2015 10:53
261,14.4,4.6,0,5,,12:00:00,26/05/2015 11:53
266,13.9,5.75,0,2,,13:00:00,26/05/2015 12:53
244,14.4,6.9,0,3,,14:00:00,26/05/2015 13:53
287,14.4,5.75,1.38,6,,15:00:00,26/05/2015 14:53
340,13.9,8.05,2.79,5,,16:00:00,26/05/2015 15:53
542,13.9,8.05,0.25,8,,17:00:00,26/05/2015 16:53
298,13.9,9.2,0.25,7,,18:00:00,26/05/2015 17:53
263,14.4,6.9,1.52,5,,19:00:00,26/05/2015 18:53
216,14.4,10.35,1.78,8,,20:00:00,26/05/2015 19:53
172,14.4,9.2,3.05,5,,21:00:00,26/05/2015 20:53
150,15,11.5,3.05,7,,22:00:00,26/05/2015 21:53
60,15,10.35,0.76,9,,23:00:00,26/05/2015 22:53
52,15,6.9,1.02,9,,00:00:00,26/05/2015 23:53
21,14.4,8.05,0.25,8,,01:00:00,27/05/2015 00:53
32,14.4,5.75,0.25,10,,02:00:00,27/05/2015 01:53
13,14.4,3.45,0,10,,03:00:00,27/05/2015 02:53
27,14.4,4.6,0,10,,04:00:00,27/05/2015 03:53
101,14.4,5.75,0,8,,05:00:00,27/05/2015 04:53
201,14.4,5.75,0,8,,06:00:00,27/05/2015 05:53
243,13.9,3.45,0,8,,07:00:00,27/05/2015 06:53
234,13.9,0,0,5,,08:00:00,27/05/2015 07:53
210,13.3,5.75,0,7,,09:00:00,27/05/2015 08:53
189,12.8,0,0,7,,10:00:00,27/05/2015 09:53
272,13.3,4.6,0,5,,11:00:00,27/05/2015 10:53
287,13.9,3.45,0,5,,12:00:00,27/05/2015 11:53
253,15,4.6,0,7,,13:00:00,27/05/2015 12:53
285,17.2,6.9,0,9,,14:00:00,27/05/2015 13:53
328,20,8.05,0,10,,15:00:00,27/05/2015 14:53
358,21.7,12.65,0,10,,16:00:00,27/05/2015 15:53
456,23.9,9.2,0,10,,17:00:00,27/05/2015 16:53
462,24.4,10.35,0,10,,18:00:00,27/05/2015 17:53
375,26.7,9.2,0,10,,19:00:00,27/05/2015 18:53
261,27.2,11.5,0,10,,20:00:00,27/05/2015 19:53
250,27.8,10.35,0,10,,21:00:00,27/05/2015 20:53
172,28.9,10.35,0,10,,22:00:00,27/05/2015 21:53
73,28.9,10.35,0,10,,23:00:00,27/05/2015 22:53
32,27.8,6.9,0,10,,00:00:00,27/05/2015 23:53
25,26.7,5.75,0,10,,01:00:00,28/05/2015 00:53
22,26.1,0,0,10,,02:00:00,28/05/2015 01:53
20,24.4,0,0,10,,03:00:00,28/05/2015 02:53
31,21.7,3.45,0,10,,04:00:00,28/05/2015 03:53
84,20.6,0,0,10,,05:00:00,28/05/2015 04:53
212,20,4.6,0,9,,06:00:00,28/05/2015 05:53
222,18.9,3.45,0,9,,07:00:00,28/05/2015 06:53
211,17.8,3.45,0,9,,08:00:00,28/05/2015 07:53
227,17.2,3.45,0,9,,09:00:00,28/05/2015 08:53
254,17.2,3.45,0,9,,10:00:00,28/05/2015 09:53
232,17.2,0,0,8,,11:00:00,28/05/2015 10:53
307,17.8,0,0,9,,12:00:00,28/05/2015 11:53
257,21.1,5.75,0,10,,13:00:00,28/05/2015 12:53
282,22.8,5.75,0,10,,14:00:00,28/05/2015 13:53
326,25.6,9.2,0,10,,15:00:00,28/05/2015 14:53
358,26.1,8.05,0,10,,16:00:00,28/05/2015 15:53
502,27.2,12.65,0,10,,17:00:00,28/05/2015 16:53
425,27.8,12.65,0,10,,18:00:00,28/05/2015 17:53
366,27.8,13.8,0,10,,19:00:00,28/05/2015 18:53
290,27.8,16.1,0,10,,20:00:00,28/05/2015 19:53
223,28.3,14.95,0,10,,21:00:00,28/05/2015 20:53
160,28.3,23,0,10,,22:00:00,28/05/2015 21:53
82,27.8,12.65,0,10,,23:00:00,28/05/2015 22:53
44,27.2,17.25,0,10,,00:00:00,28/05/2015 23:53
43,27.2,19.55,0,10,,01:00:00,29/05/2015 00:53
19,25,10.35,0,10,,02:00:00,29/05/2015 01:53
15,24.4,12.65,0,10,,03:00:00,29/05/2015 02:53
28,23.9,9.2,0,10,,04:00:00,29/05/2015 03:53
70,23.3,9.2,0,10,,05:00:00,29/05/2015 04:53
174,22.2,8.05,0,10,,06:00:00,29/05/2015 05:53
232,20.6,11.5,0,6,,07:00:00,29/05/2015 06:53
212,19.4,12.65,0.25,7,,08:00:00,29/05/2015 07:53
189,18.3,9.2,5.08,7,,09:00:00,29/05/2015 08:53
212,18.3,4.6,1.52,7,,10:00:00,29/05/2015 09:53
249,18.3,5.75,0.76,9,,11:00:00,29/05/2015 10:53
271,18.3,6.9,0,9,,12:00:00,29/05/2015 11:53
277,18.9,10.35,0,8,,13:00:00,29/05/2015 12:53
343,20,6.9,0,9,,14:00:00,29/05/2015 13:53
392,20.6,5.75,0,9,,15:00:00,29/05/2015 14:53
416,21.1,6.9,0,10,,16:00:00,29/05/2015 15:53
535,21.7,8.05,0,10,,17:00:00,29/05/2015 16:53
339,21.1,12.65,0,10,,18:00:00,29/05/2015 17:53
262,21.7,9.2,0,10,,19:00:00,29/05/2015 18:53
240,18.9,8.05,0.51,5,,20:00:00,29/05/2015 19:53
229,18.9,10.35,2.29,5,,21:00:00,29/05/2015 20:53
185,18.3,12.65,1.4,10,,22:00:00,29/05/2015 21:53
112,18.3,14.95,0.51,3,,23:00:00,29/05/2015 22:53
55,16.7,13.8,1.27,6,,00:00:00,29/05/2015 23:53
45,14.4,20.7,1.02,9,,01:00:00,30/05/2015 00:53
32,13.3,10.35,0.51,10,,02:00:00,30/05/2015 01:53
16,12.2,14.95,0.51,8,,03:00:00,30/05/2015 02:53
17,12.2,14.95,0.51,9,,04:00:00,30/05/2015 03:53
37,12.2,13.8,0.51,10,,05:00:00,30/05/2015 04:53
58,12.2,13.8,0,10,,06:00:00,30/05/2015 05:53
84,11.7,23,0,10,,07:00:00,30/05/2015 06:53
117,10.6,16.1,0,10,,08:00:00,30/05/2015 07:53
226,10,9.2,0,10,,09:00:00,30/05/2015 08:53
265,8.9,14.95,0,10,,10:00:00,30/05/2015 09:53
277,8.3,12.65,0,10,,11:00:00,30/05/2015 10:53
323,8.3,12.65,0,10,,12:00:00,30/05/2015 11:53
336,9.4,16.1,0,10,,13:00:00,30/05/2015 12:53
320,10,16.1,0,10,,14:00:00,30/05/2015 13:53
332,11.1,16.1,0,10,,15:00:00,30/05/2015 14:53
347,13.3,10.35,0,10,,16:00:00,30/05/2015 15:53
335,14.4,12.65,0,10,,17:00:00,30/05/2015 16:53
303,15,13.8,0,10,,18:00:00,30/05/2015 17:53
278,16.1,8.05,0,10,,19:00:00,30/05/2015 18:53
205,16.1,11.5,0,10,,20:00:00,30/05/2015 19:53
217,16.7,14.95,0,10,,21:00:00,30/05/2015 20:53
176,17.2,12.65,0,10,,22:00:00,30/05/2015 21:53
112,17.2,11.5,0,10,,23:00:00,30/05/2015 22:53
72,16.7,12.65,0,10,,00:00:00,30/05/2015 23:53
50,16.1,10.35,0,10,,01:00:00,31/05/2015 00:53
58,14.4,8.05,0,10,,02:00:00,31/05/2015 01:53
17,13.3,9.2,0,10,,03:00:00,31/05/2015 02:53
10,12.2,10.35,0,10,,04:00:00,31/05/2015 03:53
39,11.1,13.8,0,10,,05:00:00,31/05/2015 04:53
40,9.4,11.5,0,10,,06:00:00,31/05/2015 05:53
63,8.3,8.05,0,10,,07:00:00,31/05/2015 06:53
108,8.3,11.5,0,10,,08:00:00,31/05/2015 07:53
256,7.2,10.35,0,10,,09:00:00,31/05/2015 08:53
303,6.7,9.2,0,10,,10:00:00,31/05/2015 09:53
316,6.7,10.35,0,10,,11:00:00,31/05/2015 10:53
374,7.2,9.2,0,10,,12:00:00,31/05/2015 11:53
330,8.3,13.8,0,10,,13:00:00,31/05/2015 12:53
372,10,11.5,0,10,,14:00:00,31/05/2015 13:53
353,11.1,8.05,0,10,,15:00:00,31/05/2015 14:53
377,12.2,6.9,0,10,,16:00:00,31/05/2015 15:53
351,13.9,9.2,0,10,,17:00:00,31/05/2015 16:53
293,14.4,8.05,0,10,,18:00:00,31/05/2015 17:53
252,14.4,8.05,0,10,,19:00:00,31/05/2015 18:53
190,15.6,11.5,0,10,,20:00:00,31/05/2015 19:53
170,16.7,9.2,0,10,,21:00:00,31/05/2015 20:53
130,17.2,12.65,0,10,,22:00:00,31/05/2015 21:53
61,17.2,6.9,0,10,,23:00:00,31/05/2015 22:53
37,16.7,8.05,0,10,,00:00:00,31/05/2015 23:53
22,16.1,8.05,0,10,,01:00:00,01/06/2015 00:53
18,15,6.9,0,10,,02:00:00,01/06/2015 01:53
10,13.9,9.2,0,10,,03:00:00,01/06/2015 02:53
36,13.3,6.9,0,10,,04:00:00,01/06/2015 03:53
85,12.2,6.9,0,10,,05:00:00,01/06/2015 04:53
199,12.2,8.05,0,10,,06:00:00,01/06/2015 05:53
203,11.7,5.75,0,10,,07:00:00,01/06/2015 06:53
187,11.7,6.9,0,10,,08:00:00,01/06/2015 07:53
203,11.7,6.9,0,10,,09:00:00,01/06/2015 08:53
203,11.7,8.05,0,10,,10:00:00,01/06/2015 09:53
205,11.1,10.35,0,10,,11:00:00,01/06/2015 10:53
269,11.1,11.5,0,10,,12:00:00,01/06/2015 11:53
280,11.7,9.2,0,10,,13:00:00,01/06/2015 12:53
295,13.3,11.5,0,10,,14:00:00,01/06/2015 13:53
320,13.9,10.35,0,10,,15:00:00,01/06/2015 14:53
384,15,6.9,0,10,,16:00:00,01/06/2015 15:53
502,16.1,9.2,0,10,,17:00:00,01/06/2015 16:53
409,17.8,12.65,0,10,,18:00:00,01/06/2015 17:53
305,18.3,4.6,0,10,,19:00:00,01/06/2015 18:53
314,19.4,12.65,0,10,,20:00:00,01/06/2015 19:53
249,20,13.8,0,10,,21:00:00,01/06/2015 20:53
154,20,10.35,0,10,,22:00:00,01/06/2015 21:53
78,20.6,11.5,0,10,,23:00:00,01/06/2015 22:53
53,20,10.35,0,10,,00:00:00,01/06/2015 23:53
29,19.4,9.2,0,10,,01:00:00,02/06/2015 00:53
24,18.3,9.2,0,10,,02:00:00,02/06/2015 01:53
14,16.7,9.2,0,10,,03:00:00,02/06/2015 02:53
28,16.1,8.05,0,10,,04:00:00,02/06/2015 03:53
89,15,9.2,0,10,,05:00:00,02/06/2015 04:53
200,14.4,10.35,0,10,,06:00:00,02/06/2015 05:53
219,13.3,11.5,0,10,,07:00:00,02/06/2015 06:53
235,13.3,8.05,0,10,,08:00:00,02/06/2015 07:53
193,12.8,6.9,0,10,,09:00:00,02/06/2015 08:53
168,12.2,8.05,0,10,,10:00:00,02/06/2015 09:53
237,12.2,8.05,0,10,,11:00:00,02/06/2015 10:53
255,13.3,12.65,0,10,,12:00:00,02/06/2015 11:53
278,15,10.35,0,10,,13:00:00,02/06/2015 12:53
288,17.2,11.5,0,10,,14:00:00,02/06/2015 13:53
331,18.9,12.65,0,10,,15:00:00,02/06/2015 14:53
395,20.6,18.4,0,10,,16:00:00,02/06/2015 15:53
545,21.7,17.25,0,10,,17:00:00,02/06/2015 16:53
393,22.2,11.5,0,10,,18:00:00,02/06/2015 17:53
309,22.2,16.1,0,10,,19:00:00,02/06/2015 18:53
262,23.3,17.25,0,10,,20:00:00,02/06/2015 19:53
230,23.3,20.7,0,10,,21:00:00,02/06/2015 20:53
166,23.9,14.95,0,10,,22:00:00,02/06/2015 21:53
77,23.9,17.25,0,10,,23:00:00,02/06/2015 22:53
42,23.9,17.25,0,10,,00:00:00,02/06/2015 22:53
25,23.3,13.8,0,10,,01:00:00,03/06/2015 00:53
28,22.2,12.65,0,10,,02:00:00,03/06/2015 01:53
18,20.6,11.5,0,10,,03:00:00,03/06/2015 02:53
27,20,8.05,0,10,,04:00:00,03/06/2015 03:53
85,18.9,6.9,0,10,,05:00:00,03/06/2015 04:53
192,18.3,8.05,0,10,,06:00:00,03/06/2015 05:53
216,18.9,12.65,0,10,,07:00:00,03/06/2015 06:53
199,18.9,11.5,0,10,,08:00:00,03/06/2015 07:53
201,18.3,12.65,0,10,,09:00:00,03/06/2015 08:53
182,18.3,10.35,0,10,,10:00:00,03/06/2015 09:53
230,17.8,11.5,0,10,,11:00:00,03/06/2015 10:53
257,17.8,12.65,0,10,,12:00:00,03/06/2015 11:53
270,16.7,8.05,0,10,,13:00:00,03/06/2015 12:53
314,16.7,9.2,0.51,9,,14:00:00,03/06/2015 13:53
348,18.3,10.35,0.51,10,,15:00:00,03/06/2015 14:53
380,18.3,8.05,0,10,,16:00:00,03/06/2015 15:53
527,19.4,8.05,0,9,,17:00:00,03/06/2015 16:53
347,17.2,9.2,4.32,0.5,,18:00:00,03/06/2015 17:53
306,18.3,3.45,7.37,8,,19:00:00,03/06/2015 18:53
244,18.3,5.75,3.94,6,,20:00:00,03/06/2015 19:53
212,18.3,9.2,0.51,5,,21:00:00,03/06/2015 20:53
162,18.9,6.9,0.51,7,,22:00:00,03/06/2015 21:53
74,18.9,9.2,0.51,8,,23:00:00,03/06/2015 22:53
50,18.3,5.75,5.59,3,,00:00:00,03/06/2015 23:53
32,17.8,12.65,0.51,3,,01:00:00,04/06/2015 00:53
30,17.8,5.75,0.25,9,,02:00:00,04/06/2015 01:53
16,16.7,5.75,0,8,,03:00:00,04/06/2015 02:53
31,17.2,6.9,0,7,,04:00:00,04/06/2015 03:53
80,17.2,6.9,0,8,,05:00:00,04/06/2015 04:53
181,17.2,6.9,0,9,,06:00:00,04/06/2015 05:53
205,16.7,5.75,0,8,,07:00:00,04/06/2015 06:53
208,16.7,4.6,0,7,,08:00:00,04/06/2015 07:53
214,16.7,4.6,0,8,,09:00:00,04/06/2015 08:53
216,16.7,3.45,0,7,,10:00:00,04/06/2015 09:53
221,16.7,6.9,0,3,,11:00:00,04/06/2015 10:53
279,17.2,4.6,0,5,,12:00:00,04/06/2015 11:53
299,17.2,5.75,0,5,,13:00:00,04/06/2015 12:53
296,17.2,9.2,0,6,,14:00:00,04/06/2015 13:53
330,18.3,6.9,0,8,,15:00:00,04/06/2015 14:53
354,18.3,5.75,0,9,,16:00:00,04/06/2015 15:53
515,18.9,5.75,0,10,,17:00:00,04/06/2015 16:53
410,20,4.6,0,10,,18:00:00,04/06/2015 17:53
332,20,6.9,0,10,,19:00:00,04/06/2015 18:53
306,21.7,5.75,0,10,,20:00:00,04/06/2015 19:53
277,22.8,5.75,0,10,,21:00:00,04/06/2015 20:53
160,22.8,4.6,0,10,,22:00:00,04/06/2015 21:53
97,23.3,8.05,0,10,,23:00:00,04/06/2015 22:53
44,22.8,3.45,0,10,,00:00:00,04/06/2015 23:53
38,21.7,9.2,0,10,,01:00:00,05/06/2015 00:53
24,21.1,6.9,0,10,,02:00:00,05/06/2015 01:53
18,20.6,5.75,0,10,,03:00:00,05/06/2015 02:53
26,19.4,4.6,0,10,,04:00:00,05/06/2015 03:53
66,18.9,3.45,0,9,,05:00:00,05/06/2015 04:53
175,18.9,0,0,9,,06:00:00,05/06/2015 05:53
212,18.3,6.9,0,10,,07:00:00,05/06/2015 06:53
224,17.2,5.75,0,10,,08:00:00,05/06/2015 07:53
224,16.7,6.9,0,10,,09:00:00,05/06/2015 08:53
194,16.7,0,0,10,,10:00:00,05/06/2015 09:53
269,16.7,6.9,0,10,,11:00:00,05/06/2015 10:53
293,16.1,8.05,0,10,,12:00:00,05/06/2015 11:53
311,16.1,9.2,0,10,,13:00:00,05/06/2015 12:53
317,18.3,10.35,0,10,,14:00:00,05/06/2015 13:53
363,17.8,8.05,0,10,,15:00:00,05/06/2015 14:53
477,17.8,8.05,0,10,,16:00:00,05/06/2015 15:53
497,18.9,10.35,0,10,,17:00:00,05/06/2015 16:53
339,20.6,10.35,0,10,,18:00:00,05/06/2015 17:53
274,21.1,12.65,0,10,,19:00:00,05/06/2015 18:53
233,23.3,10.35,0,10,,20:00:00,05/06/2015 19:53
247,23.3,12.65,0,10,,21:00:00,05/06/2015 20:53
208,23.9,10.35,0,10,,22:00:00,05/06/2015 21:53
114,23.3,10.35,0,10,,23:00:00,05/06/2015 22:53
63,23.3,11.5,0,10,,00:00:00,05/06/2015 23:53
49,22.8,11.5,0,10,,01:00:00,06/06/2015 00:53
36,21.7,9.2,0,10,,02:00:00,06/06/2015 01:53
22,21.1,5.75,0,10,,03:00:00,06/06/2015 02:53
20,19.4,6.9,0,10,,04:00:00,06/06/2015 03:53
30,18.9,9.2,0,10,,05:00:00,06/06/2015 04:53
64,18.3,9.2,0,10,,06:00:00,06/06/2015 05:53
69,17.2,4.6,0,10,,07:00:00,06/06/2015 06:53
154,16.7,6.9,0,10,,08:00:00,06/06/2015 07:53
299,15.6,8.05,0,10,,09:00:00,06/06/2015 08:53
367,15.6,6.9,0,10,,10:00:00,06/06/2015 09:53
378,15.6,10.35,0,10,,11:00:00,06/06/2015 10:53
382,16.1,14.95,0,10,,12:00:00,06/06/2015 11:53
334,16.7,17.25,0,10,,13:00:00,06/06/2015 12:53
348,17.8,10.35,0,10,,14:00:00,06/06/2015 13:53
336,18.9,18.4,0,10,,15:00:00,06/06/2015 14:53
331,19.4,12.65,0,10,,16:00:00,06/06/2015 15:53
328,21.7,14.95,0,10,,17:00:00,06/06/2015 16:53
316,22.2,16.1,0,10,,18:00:00,06/06/2015 17:53
222,23.9,18.4,0,10,,19:00:00,06/06/2015 18:53
230,24.4,13.8,0,10,,20:00:00,06/06/2015 19:53
178,24.4,13.8,0,10,,21:00:00,06/06/2015 20:53
161,25.6,16.1,0,10,,22:00:00,06/06/2015 21:53
90,25.6,16.1,0,10,,23:00:00,06/06/2015 22:53
59,25.6,14.95,0,10,,00:00:00,06/06/2015 23:53
35,25,14.95,0,10,,01:00:00,07/06/2015 00:53
40,25,16.1,0,10,,02:00:00,07/06/2015 01:53
17,23.9,18.4,0,10,,03:00:00,07/06/2015 02:53
10,23.3,17.25,0,10,,04:00:00,07/06/2015 03:53
30,20.6,6.9,3.56,1,,05:00:00,07/06/2015 04:53
53,20.6,11.5,13.46,8,,06:00:00,07/06/2015 05:53
56,20,8.05,0.51,10,,07:00:00,07/06/2015 06:53
114,19.4,9.2,0,9,,08:00:00,07/06/2015 07:53
226,19.4,8.05,0,7,,09:00:00,07/06/2015 08:53
260,19.4,4.6,0,8,,10:00:00,07/06/2015 09:53
310,20,4.6,1.02,7,,11:00:00,07/06/2015 10:53
380,20,10.35,0,10,,12:00:00,07/06/2015 11:53
358,20,10.35,0,10,,13:00:00,07/06/2015 12:53
362,21.1,12.65,0,10,,14:00:00,07/06/2015 13:53
326,22.2,12.65,0,10,,15:00:00,07/06/2015 14:53
390,23.9,13.8,0,10,,16:00:00,07/06/2015 15:53
313,24.4,11.5,0,10,,17:00:00,07/06/2015 16:53
321,25.6,14.95,0,10,,18:00:00,07/06/2015 17:53
254,27.2,16.1,0,10,,19:00:00,07/06/2015 18:53
190,27.2,13.8,0,10,,20:00:00,07/06/2015 19:53
179,27.8,11.5,0,10,,21:00:00,07/06/2015 20:53
134,27.2,9.2,0,10,,22:00:00,07/06/2015 21:53
64,27.8,8.05,0,10,,23:00:00,07/06/2015 22:53
33,24.4,12.65,0,10,,00:00:00,07/06/2015 23:53
15,21.7,12.65,0,10,,01:00:00,08/06/2015 00:53
24,21.1,8.05,0,10,,02:00:00,08/06/2015 01:53
12,21.1,11.5,0,10,,03:00:00,08/06/2015 02:53
37,21.7,9.2,0,10,,04:00:00,08/06/2015 03:53
87,20,5.75,0,10,,05:00:00,08/06/2015 04:53
190,19.4,3.45,0,10,,06:00:00,08/06/2015 05:53
171,18.3,4.6,0,10,,07:00:00,08/06/2015 06:53
154,17.8,3.45,0,10,,08:00:00,08/06/2015 07:53
194,16.7,3.45,0,10,,09:00:00,08/06/2015 08:53
189,16.7,3.45,0,10,,10:00:00,08/06/2015 09:53
227,17.2,4.6,0,10,,11:00:00,08/06/2015 10:53
262,17.2,8.05,0,10,,12:00:00,08/06/2015 11:53
254,18.9,10.35,0,10,,13:00:00,08/06/2015 12:53
325,20.6,5.75,0,10,,14:00:00,08/06/2015 13:53
304,22.2,8.05,0,10,,15:00:00,08/06/2015 14:53
408,23.3,10.35,0,10,,16:00:00,08/06/2015 15:53
598,25,12.65,0,10,,17:00:00,08/06/2015 16:53
468,25.6,9.2,0,10,,18:00:00,08/06/2015 17:53
320,26.1,13.8,0,10,,19:00:00,08/06/2015 18:53
270,26.7,12.65,0,10,,20:00:00,08/06/2015 19:53
244,26.1,11.5,0,10,,21:00:00,08/06/2015 20:53
168,26.7,9.2,0,10,,22:00:00,08/06/2015 21:53
82,26.7,11.5,0,10,,23:00:00,08/06/2015 22:53
40,26.1,12.65,0,10,,00:00:00,08/06/2015 23:53
25,25.6,8.05,0,10,,01:00:00,09/06/2015 00:53
23,23.9,5.75,0,10,,02:00:00,09/06/2015 01:53
18,23.3,0,0,10,,03:00:00,09/06/2015 02:53
27,23.3,3.45,0,10,,04:00:00,09/06/2015 03:53
97,22.2,3.45,0,10,,05:00:00,09/06/2015 04:53
178,21.1,0,0,9,,06:00:00,09/06/2015 05:53
167,20.6,4.6,0,8,,07:00:00,09/06/2015 06:53
218,20,0,0,8,,08:00:00,09/06/2015 07:53
190,19.4,3.45,0,8,,09:00:00,09/06/2015 08:53
248,18.9,3.45,0,8,,10:00:00,09/06/2015 09:53
204,17.2,4.6,0,6,,11:00:00,09/06/2015 10:53
283,20,3.45,0,7,,12:00:00,09/06/2015 11:53
261,21.7,4.6,0,7,,13:00:00,09/06/2015 12:53
315,22.8,0,0,8,,14:00:00,09/06/2015 13:53
254,25,4.6,0,8,,15:00:00,09/06/2015 14:53
254,26.7,0,0,8,,16:00:00,09/06/2015 15:53
548,28.3,0,0,9,,17:00:00,09/06/2015 16:53
541,28.9,0,0,10,,18:00:00,09/06/2015 17:53
348,29.4,5.75,0,10,,19:00:00,09/06/2015 18:53
237,31.7,6.9,0,10,,20:00:00,09/06/2015 19:53
256,32.2,5.75,0,10,,21:00:00,09/06/2015 20:53
144,32.8,5.75,0,10,,22:00:00,09/06/2015 21:53
75,32.8,10.35,0,10,,23:00:00,09/06/2015 22:53
51,32.8,6.9,0,10,,00:00:00,09/06/2015 23:53
34,32.8,4.6,0,10,,01:00:00,10/06/2015 00:53
29,30,6.9,0,10,,02:00:00,10/06/2015 01:53
14,28.9,11.5,0,10,,03:00:00,10/06/2015 02:53
30,27.2,12.65,0,10,,04:00:00,10/06/2015 03:53
92,25,11.5,0,10,,05:00:00,10/06/2015 04:53
183,24.4,16.1,0,10,,06:00:00,10/06/2015 05:53
176,22.2,11.5,0,10,,07:00:00,10/06/2015 06:53
192,21.1,11.5,0,10,,08:00:00,10/06/2015 07:53
192,19.4,5.75,0,10,,09:00:00,10/06/2015 08:53
192,18.3,4.6,0,10,,10:00:00,10/06/2015 09:53
252,17.2,5.75,0,9,,11:00:00,10/06/2015 10:53
266,18.3,5.75,0,9,,12:00:00,10/06/2015 11:53
299,20,5.75,0,8,,13:00:00,10/06/2015 12:53
303,21.1,10.35,0,8,,14:00:00,10/06/2015 13:53
289,22.2,9.2,0,9,,15:00:00,10/06/2015 14:53
510,23.3,11.5,0,10,,16:00:00,10/06/2015 15:53
600,24.4,9.2,0,10,,17:00:00,10/06/2015 16:53
565,24.4,14.95,0,10,,18:00:00,10/06/2015 17:53
310,25.6,6.9,0,10,,19:00:00,10/06/2015 18:53
259,25,9.2,0,9,,20:00:00,10/06/2015 19:53
255,25.6,8.05,0,9,,21:00:00,10/06/2015 20:53
161,25,6.9,0,10,,22:00:00,10/06/2015 21:53
65,25,9.2,0,10,,23:00:00,10/06/2015 22:53
49,24.4,8.05,0,10,,00:00:00,10/06/2015 23:53
34,22.8,11.5,0,10,,01:00:00,11/06/2015 00:53
29,22.2,10.35,0,10,,02:00:00,11/06/2015 01:53
15,21.1,5.75,0,10,,03:00:00,11/06/2015 02:53
31,20.6,5.75,0,10,,04:00:00,11/06/2015 03:53
75,19.4,5.75,0,10,,05:00:00,11/06/2015 04:53
172,18.9,6.9,0,10,,06:00:00,11/06/2015 05:53
156,19.4,4.6,0,10,,07:00:00,11/06/2015 06:53
167,18.9,3.45,0,10,,08:00:00,11/06/2015 07:53
170,18.3,5.75,0,10,,09:00:00,11/06/2015 08:53
168,18.3,4.6,0.25,10,,10:00:00,11/06/2015 09:53
217,16.7,6.9,0.76,7,,11:00:00,11/06/2015 10:53
250,16.1,8.05,1.78,5,,12:00:00,11/06/2015 11:53
261,16.1,8.05,0.76,9,,13:00:00,11/06/2015 12:53
294,16.1,8.05,0.25,8,,14:00:00,11/06/2015 13:53
333,16.1,9.2,0.51,7,,15:00:00,11/06/2015 14:53
470,16.7,11.5,0.51,8,,16:00:00,11/06/2015 15:53
529,16.7,13.8,0.51,9,,17:00:00,11/06/2015 16:53
428,16.7,9.2,0.25,8,,18:00:00,11/06/2015 17:53
253,16.7,10.35,0.76,8,,19:00:00,11/06/2015 18:53
222,16.1,11.5,1.27,4,,20:00:00,11/06/2015 19:53
222,16.7,11.5,0.51,10,,21:00:00,11/06/2015 20:53
158,16.1,16.1,0,9,,22:00:00,11/06/2015 21:53
90,16.7,16.1,0,10,,23:00:00,11/06/2015 22:53
56,16.1,14.95,0,10,,00:00:00,11/06/2015 23:53
32,16.7,12.65,0,10,,01:00:00,12/06/2015 00:53
28,16.1,12.65,0,10,,02:00:00,12/06/2015 01:53
17,16.1,13.8,0,10,,03:00:00,12/06/2015 02:53
28,15.6,12.65,0,10,,04:00:00,12/06/2015 03:53
74,15,10.35,0,10,,05:00:00,12/06/2015 04:53
159,14.4,6.9,0,10,,06:00:00,12/06/2015 05:53
167,13.9,9.2,0,10,,07:00:00,12/06/2015 06:53
192,13.3,9.2,0,10,,08:00:00,12/06/2015 07:53
169,12.8,10.35,0,10,,09:00:00,12/06/2015 08:53
209,12.2,6.9,0,10,,10:00:00,12/06/2015 09:53
247,11.7,5.75,0,10,,11:00:00,12/06/2015 10:53
307,13.9,5.75,0,10,,12:00:00,12/06/2015 11:53
294,15.6,12.65,0,10,,13:00:00,12/06/2015 12:53
352,17.8,10.35,0,10,,14:00:00,12/06/2015 13:53
356,20,12.65,0,10,,15:00:00,12/06/2015 14:53
545,21.1,12.65,0,10,,16:00:00,12/06/2015 15:53
544,22.2,11.5,0,10,,17:00:00,12/06/2015 16:53
338,23.3,9.2,0,10,,18:00:00,12/06/2015 17:53
256,24.4,12.65,0,10,,19:00:00,12/06/2015 18:53
226,25.6,14.95,0,10,,20:00:00,12/06/2015 19:53
256,25.6,17.25,0,10,,21:00:00,12/06/2015 20:53
197,25.6,12.65,0,10,,22:00:00,12/06/2015 21:53
99,25.6,13.8,0,10,,23:00:00,12/06/2015 22:53
75,24.4,11.5,0,10,,00:00:00,12/06/2015 23:53
46,23.9,5.75,0,10,,01:00:00,13/06/2015 00:53
39,22.8,6.9,0,10,,02:00:00,13/06/2015 01:53
20,21.7,6.9,0,10,,03:00:00,13/06/2015 02:53
16,20.6,5.75,0,10,,04:00:00,13/06/2015 03:53
46,20,6.9,0,10,,05:00:00,13/06/2015 04:53
51,19.4,8.05,0,10,,06:00:00,13/06/2015 05:53
77,19.4,10.35,0,10,,07:00:00,13/06/2015 06:53
115,18.3,6.9,0,10,,08:00:00,13/06/2015 07:53
176,18.3,5.75,0,10,,09:00:00,13/06/2015 08:53
223,17.8,6.9,0,10,,10:00:00,13/06/2015 09:53
222,18.3,8.05,0,10,,11:00:00,13/06/2015 10:53
302,17.8,8.05,0,10,,12:00:00,13/06/2015 11:53
323,17.2,6.9,0,10,,13:00:00,13/06/2015 12:53
320,15.6,8.05,1.27,1,,14:00:00,13/06/2015 13:53
310,15.6,6.9,0.51,2,,15:00:00,13/06/2015 14:53
308,15.6,11.5,0.51,9,,16:00:00,13/06/2015 15:53
324,16.7,11.5,0,10,,17:00:00,13/06/2015 16:53
271,17.2,8.05,0,10,,18:00:00,13/06/2015 17:53
266,18.3,4.6,0,10,,19:00:00,13/06/2015 18:53
173,18.9,5.75,0,10,,20:00:00,13/06/2015 19:53
184,20,3.45,0,10,,21:00:00,13/06/2015 20:53
161,21.1,4.6,0,10,,22:00:00,13/06/2015 21:53
100,20.6,8.05,0,10,,23:00:00,13/06/2015 22:53
74,20,6.9,0,10,,00:00:00,13/06/2015 23:53
41,20,6.9,0,10,,01:00:00,14/06/2015 00:53
42,20,6.9,0,10,,02:00:00,14/06/2015 01:53
26,20,5.75,0,10,,03:00:00,14/06/2015 02:53
11,19.4,6.9,0,10,,04:00:00,14/06/2015 03:53
23,18.9,6.9,0,10,,05:00:00,14/06/2015 04:53
42,18.9,5.75,0,10,,06:00:00,14/06/2015 05:53
62,18.3,4.6,0,10,,07:00:00,14/06/2015 06:53
92,18.3,0,0,10,,08:00:00,14/06/2015 07:53
209,16.7,3.45,0,10,,09:00:00,14/06/2015 08:53
272,16.7,0,0,10,,10:00:00,14/06/2015 09:53
263,17.2,0,0,9,,11:00:00,14/06/2015 10:53
304,18.3,3.45,0,9,,12:00:00,14/06/2015 11:53
334,19.4,3.45,0,10,,13:00:00,14/06/2015 12:53
339,20.6,9.2,0,10,,14:00:00,14/06/2015 13:53
335,21.7,4.6,0,10,,15:00:00,14/06/2015 14:53
330,23.3,4.6,0,10,,16:00:00,14/06/2015 15:53
304,25,4.6,0,10,,17:00:00,14/06/2015 16:53
279,26.7,3.45,0,10,,18:00:00,14/06/2015 17:53
252,26.7,5.75,0,10,,19:00:00,14/06/2015 18:53
224,27.8,5.75,0,10,,20:00:00,14/06/2015 19:53
206,28.3,8.05,0,10,,21:00:00,14/06/2015 20:53
145,28.3,4.6,0,10,,22:00:00,14/06/2015 21:53
70,29.4,6.9,0,10,,23:00:00,14/06/2015 22:53
34,28.9,8.05,0,10,,00:00:00,14/06/2015 23:53
11,28.3,6.9,0,10,,01:00:00,15/06/2015 00:53
21,27.2,4.6,0,10,,02:00:00,15/06/2015 01:53
21,26.7,5.75,0,10,,03:00:00,15/06/2015 02:53
30,26.1,6.9,0,10,,04:00:00,15/06/2015 03:53
76,25.6,9.2,0,10,,05:00:00,15/06/2015 04:53
172,24.4,8.05,0,10,,06:00:00,15/06/2015 05:53
166,23.9,0,0,10,,07:00:00,15/06/2015 06:53
208,22.8,5.75,0,10,,08:00:00,15/06/2015 07:53
161,21.7,6.9,0,10,,09:00:00,15/06/2015 08:53
186,20,6.9,0,10,,10:00:00,15/06/2015 09:53
212,19.4,9.2,0,10,,11:00:00,15/06/2015 10:53
266,18.9,13.8,0,10,,12:00:00,15/06/2015 11:53
266,18.9,11.5,0,10,,13:00:00,15/06/2015 12:53
327,20,14.95,0,10,,14:00:00,15/06/2015 13:53
304,21.7,12.65,0,10,,15:00:00,15/06/2015 14:53
284,22.8,11.5,0,10,,16:00:00,15/06/2015 15:53
442,23.3,9.2,0,10,,17:00:00,15/06/2015 16:53
400,23.9,12.65,0,10,,18:00:00,15/06/2015 17:53
306,24.4,13.8,0,10,,19:00:00,15/06/2015 18:53
265,24.4,16.1,0,10,,20:00:00,15/06/2015 19:53
240,24.4,14.95,0,10,,21:00:00,15/06/2015 20:53
166,23.9,11.5,0,10,,22:00:00,15/06/2015 21:53
76,24.4,13.8,0,10,,23:00:00,15/06/2015 22:53
42,23.9,13.8,0,10,,00:00:00,15/06/2015 23:53
30,23.3,12.65,0,10,,01:00:00,16/06/2015 00:53
31,21.7,9.2,0,10,,02:00:00,16/06/2015 01:53
14,21.1,12.65,0,10,,03:00:00,16/06/2015 02:53
28,20,8.05,0,10,,04:00:00,16/06/2015 03:53
93,18.9,8.05,0,10,,05:00:00,16/06/2015 04:53
188,17.8,14.95,0,10,,06:00:00,16/06/2015 05:53
169,16.7,8.05,0,10,,07:00:00,16/06/2015 06:53
181,15.6,5.75,0,10,,08:00:00,16/06/2015 07:53
191,14.4,5.75,0,10,,09:00:00,16/06/2015 08:53
186,13.3,5.75,0,10,,10:00:00,16/06/2015 09:53
220,13.3,4.6,0,10,,11:00:00,16/06/2015 10:53
286,14.4,5.75,0,10,,12:00:00,16/06/2015 11:53
285,15.6,8.05,0,10,,13:00:00,16/06/2015 12:53
259,17.2,9.2,0,10,,14:00:00,16/06/2015 13:53
298,17.2,6.9,0,10,,15:00:00,16/06/2015 14:53
332,18.9,3.45,0,10,,16:00:00,16/06/2015 15:53
473,19.4,4.6,0,10,,17:00:00,16/06/2015 16:53
382,20,6.9,0,10,,18:00:00,16/06/2015 17:53
329,21.1,3.45,0,10,,19:00:00,16/06/2015 18:53
256,21.1,4.6,0,10,,20:00:00,16/06/2015 19:53
194,21.1,4.6,0,10,,21:00:00,16/06/2015 20:53
158,21.1,4.6,0,10,,22:00:00,16/06/2015 21:53
76,21.7,6.9,0,10,,23:00:00,16/06/2015 22:53
35,20,13.8,0,10,,00:00:00,16/06/2015 23:53
37,17.2,17.25,0,10,,01:00:00,17/06/2015 00:53
25,15,13.8,0,10,,02:00:00,17/06/2015 01:53
13,15.6,10.35,0,10,,03:00:00,17/06/2015 02:53
32,15.6,10.35,0,10,,04:00:00,17/06/2015 03:53
78,15.6,10.35,0,10,,05:00:00,17/06/2015 04:53
191,15.6,10.35,0,10,,06:00:00,17/06/2015 05:53
169,15.6,10.35,0,10,,07:00:00,17/06/2015 06:53
178,15.6,10.35,0,10,,08:00:00,17/06/2015 07:53
182,15.6,10.35,0,10,,09:00:00,17/06/2015 08:53
185,15.6,10.35,0,10,,10:00:00,17/06/2015 09:53
232,16.1,8.05,0,10,,11:00:00,17/06/2015 10:53
275,16.7,4.6,0,10,,12:00:00,17/06/2015 11:53
272,18.9,5.75,0,10,,13:00:00,17/06/2015 12:53
262,20.6,8.05,0,10,,14:00:00,17/06/2015 13:53
306,21.7,6.9,0,10,,15:00:00,17/06/2015 14:53
338,23.3,3.45,0,10,,16:00:00,17/06/2015 15:53
497,25,10.35,0,10,,17:00:00,17/06/2015 16:53
345,25.6,11.5,0,10,,18:00:00,17/06/2015 17:53
311,22.8,5.75,0.76,10,,19:00:00,17/06/2015 18:53
256,22.8,9.2,2.03,2.5,,20:00:00,17/06/2015 19:53
228,23.3,0,19.3,10,,21:00:00,17/06/2015 20:53
163,21.7,8.05,0,10,,22:00:00,17/06/2015 21:53
78,21.1,12.65,0,10,,23:00:00,17/06/2015 22:53
50,20.6,9.2,0,10,,00:00:00,17/06/2015 23:53
31,20,9.2,0,10,,01:00:00,18/06/2015 00:53
28,19.4,10.35,0,10,,02:00:00,18/06/2015 01:53
16,19.4,12.65,0,10,,03:00:00,18/06/2015 02:53
24,18.3,10.35,0,10,,04:00:00,18/06/2015 03:53
82,18.3,9.2,0,10,,05:00:00,18/06/2015 04:53
165,17.2,5.75,0,10,,06:00:00,18/06/2015 05:53
185,16.7,0,0,10,,07:00:00,18/06/2015 06:53
195,16.7,4.6,0,10,,08:00:00,18/06/2015 07:53
191,17.2,10.35,0,10,,09:00:00,18/06/2015 08:53
188,17.2,9.2,0,10,,10:00:00,18/06/2015 09:53
238,17.2,9.2,0,10,,11:00:00,18/06/2015 10:53
299,17.2,10.35,0,10,,12:00:00,18/06/2015 11:53
303,18.3,6.9,0,10,,13:00:00,18/06/2015 12:53
279,20,8.05,0,10,,14:00:00,18/06/2015 13:53
277,20,10.35,0,10,,15:00:00,18/06/2015 14:53
347,21.7,6.9,0,10,,16:00:00,18/06/2015 15:53
482,23.3,3.45,0,10,,17:00:00,18/06/2015 16:53
410,23.9,8.05,0,10,,18:00:00,18/06/2015 17:53
315,24.4,11.5,0,10,,19:00:00,18/06/2015 18:53
297,25,5.75,0,10,,20:00:00,18/06/2015 19:53
246,25,9.2,0,10,,21:00:00,18/06/2015 20:53
173,25,12.65,0,10,,22:00:00,18/06/2015 21:53
94,25.6,8.05,0,10,,23:00:00,18/06/2015 22:53
53,25,9.2,0,10,,00:00:00,18/06/2015 23:53
29,23.9,9.2,0,10,,01:00:00,19/06/2015 00:53
22,22.2,9.2,0,10,,02:00:00,19/06/2015 01:53
13,21.1,9.2,0,10,,03:00:00,19/06/2015 02:53
24,20,4.6,0,10,,04:00:00,19/06/2015 03:53
58,19.4,5.75,0,10,,05:00:00,19/06/2015 04:53
151,18.3,9.2,0,10,,06:00:00,19/06/2015 05:53
168,17.2,10.35,0,10,,07:00:00,19/06/2015 06:53
173,16.7,8.05,0,10,,08:00:00,19/06/2015 07:53
195,16.1,9.2,0,10,,09:00:00,19/06/2015 08:53
206,15.6,8.05,0,10,,10:00:00,19/06/2015 09:53
249,15,8.05,0,10,,11:00:00,19/06/2015 10:53
285,15.6,8.05,0,10,,12:00:00,19/06/2015 11:53
318,16.7,8.05,0,10,,13:00:00,19/06/2015 12:53
308,18.9,9.2,0,10,,14:00:00,19/06/2015 13:53
329,20.6,8.05,0,10,,15:00:00,19/06/2015 14:53
362,21.1,9.2,0,10,,16:00:00,19/06/2015 15:53
370,22.8,10.35,0,10,,17:00:00,19/06/2015 16:53
318,24.4,11.5,0,10,,18:00:00,19/06/2015 17:53
280,25,11.5,0,10,,19:00:00,19/06/2015 18:53
225,25,12.65,0,10,,20:00:00,19/06/2015 19:53
236,25,11.5,0,10,,21:00:00,19/06/2015 20:53
171,25.6,11.5,0,10,,22:00:00,19/06/2015 21:53
110,26.1,12.65,0,10,,23:00:00,19/06/2015 22:53
79,25.6,9.2,0,10,,00:00:00,19/06/2015 23:53
43,25,8.05,0,10,,01:00:00,20/06/2015 00:53
23,23.3,10.35,0,10,,02:00:00,20/06/2015 01:53
25,23.3,11.5,0,10,,03:00:00,20/06/2015 02:53
22,22.8,9.2,0,10,,04:00:00,20/06/2015 03:53
37,22.8,10.35,0,10,,05:00:00,20/06/2015 04:53
40,22.2,11.5,0,10,,06:00:00,20/06/2015 05:53
84,22.8,14.95,0,10,,07:00:00,20/06/2015 06:53
121,22.2,12.65,0,10,,08:00:00,20/06/2015 07:53
174,20.6,8.05,0,10,,09:00:00,20/06/2015 08:53
260,20,5.75,0,10,,10:00:00,20/06/2015 09:53
276,19.4,3.45,1.78,1.5,,11:00:00,20/06/2015 10:53
275,17.8,17.25,5.08,8,,12:00:00,20/06/2015 11:53
318,17.8,12.65,3.81,1.25,,13:00:00,20/06/2015 12:53
315,18.9,11.5,0.25,10,,14:00:00,20/06/2015 13:53
321,21.7,9.2,0,10,,15:00:00,20/06/2015 14:53
310,23.9,16.1,0,10,,16:00:00,20/06/2015 15:53
289,24.4,14.95,0,10,,17:00:00,20/06/2015 16:53
276,25,10.35,0,10,,18:00:00,20/06/2015 17:53
217,26.1,10.35,0,10,,19:00:00,20/06/2015 18:53
228,26.7,13.8,0,10,,20:00:00,20/06/2015 19:53
206,25.6,11.5,0,10,,21:00:00,20/06/2015 20:53
170,27.2,10.35,0,10,,22:00:00,20/06/2015 21:53
125,27.2,10.35,0,10,,23:00:00,20/06/2015 22:53
71,27.2,6.9,0,10,,00:00:00,20/06/2015 23:53
40,26.7,10.35,0,10,,01:00:00,21/06/2015 00:53
38,24.4,8.05,0,10,,02:00:00,21/06/2015 01:53
23,25,3.45,0,10,,03:00:00,21/06/2015 02:53
15,25,3.45,0,10,,04:00:00,21/06/2015 02:53
39,25,3.45,0,10,,05:00:00,21/06/2015 02:53
48,25,3.45,0,10,,06:00:00,21/06/2015 02:53
75,20.6,8.05,0,10,,07:00:00,21/06/2015 05:53
150,20,8.05,0,10,,08:00:00,21/06/2015 06:53
263,18.9,0,0,10,,09:00:00,21/06/2015 07:53
320,18.3,0,0,10,,10:00:00,21/06/2015 08:53
305,18.9,0,0,10,,11:00:00,21/06/2015 09:53
290,16.7,4.6,0,9,,12:00:00,21/06/2015 10:53
272,19.4,5.75,0,10,,13:00:00,21/06/2015 11:53
325,21.1,3.45,0,10,,14:00:00,21/06/2015 12:53
285,23.3,5.75,0,10,,15:00:00,21/06/2015 13:53
315,24.4,10.35,0,10,,16:00:00,21/06/2015 14:53
292,25.6,6.9,0,10,,17:00:00,21/06/2015 15:53
280,27.2,5.75,0,10,,18:00:00,21/06/2015 17:53
261,28.9,6.9,0,10,,19:00:00,21/06/2015 18:53
236,29.4,10.35,0,10,,20:00:00,21/06/2015 19:53
194,29.4,12.65,0,10,,21:00:00,21/06/2015 20:53
115,30,8.05,0,10,,22:00:00,21/06/2015 21:53
65,30,0,0,10,,23:00:00,21/06/2015 22:53
38,30,0,0,10,,00:00:00,21/06/2015 22:53
26,28.9,3.45,0,10,,01:00:00,22/06/2015 00:53
17,27.8,6.9,0,10,,02:00:00,22/06/2015 01:53
13,25.6,5.75,0,10,,03:00:00,22/06/2015 02:53
33,23.9,4.6,0,10,,04:00:00,22/06/2015 03:53
59,22.8,6.9,0,10,,05:00:00,22/06/2015 04:53
127,22.8,9.2,0,10,,06:00:00,22/06/2015 05:53
112,23.3,12.65,0,10,,07:00:00,22/06/2015 06:53
117,23.3,8.05,0,10,,08:00:00,22/06/2015 07:53
125,22.2,4.6,0,10,,09:00:00,22/06/2015 08:53
162,21.7,5.75,0,10,,10:00:00,22/06/2015 09:53
203,21.7,10.35,0,10,,11:00:00,22/06/2015 10:53
240,21.1,13.8,0.25,7,,12:00:00,22/06/2015 11:53
280,21.1,12.65,12.95,1.5,,13:00:00,22/06/2015 12:53
262,20,4.6,8.38,4,,14:00:00,22/06/2015 13:53
257,21.1,8.05,1.02,10,,15:00:00,22/06/2015 14:53
322,22.2,9.2,0,10,,16:00:00,22/06/2015 15:53
418,24.4,13.8,0,10,,17:00:00,22/06/2015 16:53
345,25.6,14.95,0,10,,18:00:00,22/06/2015 17:53
279,26.7,17.25,0,10,,19:00:00,22/06/2015 18:53
269,26.7,11.5,0,10,,20:00:00,22/06/2015 19:53
244,27.8,21.85,0,10,,21:00:00,22/06/2015 20:53
155,25,12.65,1.52,10,,22:00:00,22/06/2015 21:53
73,26.7,18.4,0,10,,23:00:00,22/06/2015 22:53
44,25,20.7,0,10,,00:00:00,22/06/2015 23:53
28,23.9,18.4,0,10,,01:00:00,23/06/2015 00:53
20,22.8,17.25,0,10,,02:00:00,23/06/2015 01:53
11,21.7,16.1,0,10,,03:00:00,23/06/2015 02:53
30,20,12.65,0,10,,04:00:00,23/06/2015 03:53
66,17.8,8.05,0,10,,05:00:00,23/06/2015 04:53
134,17.8,5.75,0,10,,06:00:00,23/06/2015 05:53
124,16.7,6.9,0,10,,07:00:00,23/06/2015 06:53
159,16.7,6.9,0,10,,08:00:00,23/06/2015 07:53
182,16.7,6.9,0,10,,09:00:00,23/06/2015 08:53
189,15.6,4.6,0,10,,10:00:00,23/06/2015 09:53
223,15.6,0,0,10,,11:00:00,23/06/2015 10:53
261,16.7,3.45,0,10,,12:00:00,23/06/2015 11:53
265,19.4,4.6,0,10,,13:00:00,23/06/2015 12:53
287,20.6,8.05,0,10,,14:00:00,23/06/2015 13:53
271,22.2,4.6,0,10,,15:00:00,23/06/2015 14:53
341,22.8,8.05,0,10,,16:00:00,23/06/2015 15:53
435,23.9,9.2,0,10,,17:00:00,23/06/2015 16:53
373,25,10.35,0,10,,18:00:00,23/06/2015 17:53
289,25.6,11.5,0,10,,19:00:00,23/06/2015 18:53
293,26.1,10.35,0,10,,20:00:00,23/06/2015 19:53
222,25.6,11.5,0,10,,21:00:00,23/06/2015 20:53
151,25.6,3.45,0,10,,22:00:00,23/06/2015 21:53
81,26.1,9.2,0,10,,23:00:00,23/06/2015 22:53
49,25.6,6.9,0,10,,00:00:00,23/06/2015 23:53
32,25.6,8.05,0,10,,01:00:00,24/06/2015 00:53
25,23.9,10.35,0,10,,02:00:00,24/06/2015 01:53
15,23.3,9.2,0,10,,03:00:00,24/06/2015 02:53
25,22.2,8.05,0,10,,04:00:00,24/06/2015 03:53
70,21.7,6.9,0,10,,05:00:00,24/06/2015 04:53
133,20.6,6.9,0,10,,06:00:00,24/06/2015 05:53
136,19.4,4.6,0,10,,07:00:00,24/06/2015 06:53
170,18.9,3.45,0,10,,08:00:00,24/06/2015 07:53
160,18.9,3.45,0,10,,09:00:00,24/06/2015 08:53
192,18.3,0,0,10,,10:00:00,24/06/2015 09:53
228,17.2,0,0,10,,11:00:00,24/06/2015 10:53
266,17.8,0,0,10,,12:00:00,24/06/2015 11:53
250,20,6.9,0,10,,13:00:00,24/06/2015 12:53
267,21.7,8.05,0,10,,14:00:00,24/06/2015 13:53
276,22.8,6.9,0,10,,15:00:00,24/06/2015 14:53
324,23.9,6.9,0,10,,16:00:00,24/06/2015 15:53
432,24.4,10.35,0,10,,17:00:00,24/06/2015 16:53
396,24.4,9.2,0,10,,18:00:00,24/06/2015 17:53
295,25,8.05,0,10,,19:00:00,24/06/2015 18:53
253,25,8.05,0,10,,20:00:00,24/06/2015 19:53
257,25,4.6,0,10,,21:00:00,24/06/2015 20:53
160,25,4.6,0,10,,22:00:00,24/06/2015 21:53
83,24.4,4.6,0,10,,23:00:00,24/06/2015 22:53
42,24.4,9.2,0,10,,00:00:00,24/06/2015 23:53
28,23.9,6.9,0,10,,01:00:00,25/06/2015 00:53
20,23.3,5.75,0,10,,02:00:00,25/06/2015 01:53
13,22.8,5.75,0,10,,03:00:00,25/06/2015 02:53
22,21.7,5.75,0,10,,04:00:00,25/06/2015 03:53
69,21.1,4.6,0,10,,05:00:00,25/06/2015 04:53
135,20,0,0,10,,06:00:00,25/06/2015 05:53
156,20,3.45,0,10,,07:00:00,25/06/2015 06:53
170,19.4,0,0,9,,08:00:00,25/06/2015 07:53
187,17.8,3.45,0,10,,09:00:00,25/06/2015 08:53
215,17.8,0,0,9,,10:00:00,25/06/2015 09:53
232,17.8,5.75,0,7,,11:00:00,25/06/2015 10:53
280,19.4,0,0,7,,12:00:00,25/06/2015 11:53
279,21.7,0,0,8,,13:00:00,25/06/2015 12:53
281,23.3,3.45,0,10,,14:00:00,25/06/2015 13:53
275,25,4.6,0,10,,15:00:00,25/06/2015 14:53
314,25.6,0,0,10,,16:00:00,25/06/2015 15:53
385,25.6,5.75,0,10,,17:00:00,25/06/2015 16:53
350,27.2,10.35,0,10,,18:00:00,25/06/2015 17:53
325,27.8,6.9,0,10,,19:00:00,25/06/2015 18:53
295,26.1,9.2,0,10,,20:00:00,25/06/2015 19:53
236,26.1,6.9,0,10,,21:00:00,25/06/2015 20:53
170,26.1,9.2,0,10,,22:00:00,25/06/2015 21:53
82,26.7,10.35,0,10,,23:00:00,25/06/2015 22:53
55,26.1,11.5,0,10,,00:00:00,25/06/2015 23:53
35,25,10.35,0,10,,01:00:00,26/06/2015 00:53
26,23.9,6.9,0,10,,02:00:00,26/06/2015 01:53
12,23.3,4.6,0,10,,03:00:00,26/06/2015 02:53
21,21.1,6.9,0,10,,04:00:00,26/06/2015 03:53
50,20.6,6.9,0,10,,05:00:00,26/06/2015 04:53
130,20,5.75,0,10,,06:00:00,26/06/2015 05:53
141,20,4.6,0,10,,07:00:00,26/06/2015 06:53
166,18.9,4.6,0,10,,08:00:00,26/06/2015 07:53
175,18.9,4.6,0,10,,09:00:00,26/06/2015 08:53
192,18.3,4.6,0,10,,10:00:00,26/06/2015 09:53
233,18.3,3.45,0,10,,11:00:00,26/06/2015 10:53
313,18.3,3.45,0,10,,12:00:00,26/06/2015 11:53
275,19.4,8.05,0,10,,13:00:00,26/06/2015 12:53
295,20.6,6.9,0,10,,14:00:00,26/06/2015 13:53
314,22.2,3.45,0,10,,15:00:00,26/06/2015 14:53
334,22.8,6.9,0,9,,16:00:00,26/06/2015 15:53
350,24.4,10.35,0,10,,17:00:00,26/06/2015 16:53
301,25.6,8.05,0,10,,18:00:00,26/06/2015 17:53
254,26.1,5.75,0,10,,19:00:00,26/06/2015 18:53
224,27.2,11.5,0,10,,20:00:00,26/06/2015 19:53
220,26.1,9.2,0,10,,21:00:00,26/06/2015 20:53
148,25.6,8.05,0,10,,22:00:00,26/06/2015 21:53
106,21.1,4.6,1.02,8,,23:00:00,26/06/2015 22:53
72,23.3,3.45,0.51,10,,00:00:00,26/06/2015 23:53
54,21.1,9.2,0,10,,01:00:00,27/06/2015 00:53
35,20.6,6.9,0,10,,02:00:00,27/06/2015 01:53
23,21.1,3.45,0,10,,03:00:00,27/06/2015 02:53
28,19.4,0,0,10,,04:00:00,27/06/2015 03:53
32,18.9,4.6,0,10,,05:00:00,27/06/2015 04:53
57,17.8,6.9,0,10,,06:00:00,27/06/2015 05:53
94,17.8,0,0,10,,07:00:00,27/06/2015 06:53
147,17.2,3.45,0,10,,08:00:00,27/06/2015 07:53
224,16.7,3.45,0,10,,09:00:00,27/06/2015 08:53
224,17.2,0,0,10,,10:00:00,27/06/2015 09:53
270,16.7,5.75,0,9,,11:00:00,27/06/2015 10:53
296,17.8,0,0,9,,12:00:00,27/06/2015 11:53
291,18.9,0,0,9,,13:00:00,27/06/2015 12:53
285,21.7,0,0,9,,14:00:00,27/06/2015 13:53
318,22.8,3.45,0,10,,15:00:00,27/06/2015 14:53
306,24.4,0,0,10,,16:00:00,27/06/2015 15:53
309,25.6,0,0,10,,17:00:00,27/06/2015 16:53
276,25.6,4.6,0,10,,18:00:00,27/06/2015 17:53
239,26.7,3.45,0,10,,19:00:00,27/06/2015 18:53
198,26.7,3.45,0,10,,20:00:00,27/06/2015 19:53
165,27.8,8.05,0,10,,21:00:00,27/06/2015 20:53
153,27.8,12.65,0,10,,22:00:00,27/06/2015 21:53
105,27.2,9.2,0,10,,23:00:00,27/06/2015 22:53
74,26.7,8.05,0,10,,00:00:00,27/06/2015 23:53
40,26.1,6.9,0,10,,01:00:00,28/06/2015 00:53
42,25,8.05,0,10,,02:00:00,28/06/2015 01:53
29,24.4,6.9,0,10,,03:00:00,28/06/2015 02:53
13,23.9,10.35,0,10,,04:00:00,28/06/2015 03:53
37,23.3,6.9,0.125,10,,05:00:00,28/06/2015 04:53
39,19.4,8.05,0.25,9,,06:00:00,28/06/2015 05:53
64,18.9,12.65,0.76,10,,07:00:00,28/06/2015 06:53
102,18.3,8.05,0,10,,08:00:00,28/06/2015 07:53
185,17.8,10.35,0,10,,09:00:00,28/06/2015 08:53
245,17.8,11.5,0,10,,10:00:00,28/06/2015 09:53
259,17.8,10.35,0,10,,11:00:00,28/06/2015 10:53
280,17.8,6.9,0,10,,12:00:00,28/06/2015 11:53
298,18.9,6.9,0,10,,13:00:00,28/06/2015 12:53
322,20.6,5.75,0,10,,14:00:00,28/06/2015 13:53
315,21.1,3.45,0,10,,15:00:00,28/06/2015 14:53
308,23.3,5.75,0,10,,16:00:00,28/06/2015 15:53
262,24.4,3.45,0,10,,17:00:00,28/06/2015 16:53
266,25,4.6,0,10,,18:00:00,28/06/2015 17:53
231,25.6,5.75,0,10,,19:00:00,28/06/2015 18:53
200,26.1,5.75,0,10,,20:00:00,28/06/2015 19:53
177,25.6,8.05,0,10,,21:00:00,28/06/2015 20:53
98,19.4,11.5,1.78,8,,22:00:00,28/06/2015 21:53
58,20,4.6,1.78,10,,23:00:00,28/06/2015 22:53
49,21.1,4.6,0,10,,00:00:00,28/06/2015 23:53
14,21.1,4.6,0,10,,01:00:00,29/06/2015 00:53
24,20.6,0,0,10,,02:00:00,29/06/2015 01:53
13,20.6,4.6,0,10,,03:00:00,29/06/2015 02:53
26,20,3.45,0,10,,04:00:00,29/06/2015 03:53
107,20,4.6,0,10,,05:00:00,29/06/2015 04:53
170,19.4,3.45,0,7,,06:00:00,29/06/2015 05:53
159,19.4,0,0,7,,07:00:00,29/06/2015 06:53
200,18.9,0,0,5,,08:00:00,29/06/2015 07:53
160,18.9,0,0,6,,09:00:00,29/06/2015 08:53
183,18.3,0,0,6,,10:00:00,29/06/2015 09:53
232,18.3,3.45,0,6,,11:00:00,29/06/2015 10:53
270,18.9,3.45,0,7,,12:00:00,29/06/2015 11:53
269,21.1,5.75,0,9,,13:00:00,29/06/2015 12:53
286,22.8,4.6,0,10,,14:00:00,29/06/2015 13:53
315,24.4,8.05,0,10,,15:00:00,29/06/2015 14:53
382,25.6,8.05,0,10,,16:00:00,29/06/2015 15:53
433,26.7,11.5,0,10,,17:00:00,29/06/2015 16:53
375,27.8,11.5,0,10,,18:00:00,29/06/2015 17:53
322,28.3,11.5,0,8,,19:00:00,29/06/2015 18:53
261,27.8,11.5,0,8,,20:00:00,29/06/2015 19:53
203,26.7,9.2,0,8,,21:00:00,29/06/2015 20:53
141,25,13.8,0,7,,22:00:00,29/06/2015 21:53
78,26.7,9.2,0,6,,23:00:00,29/06/2015 22:53
47,27.2,12.65,0,7,,00:00:00,29/06/2015 23:53
24,20,9.2,0,0.75,,01:00:00,30/06/2015 00:53
21,19.4,6.9,2.79,4,,02:00:00,30/06/2015 01:53
10,20,0,2.79,7,,03:00:00,30/06/2015 02:53
25,18.9,0,0,7,,04:00:00,30/06/2015 03:53
89,18.9,0,0,7,,05:00:00,30/06/2015 04:53
171,18.3,0,0,6,,06:00:00,30/06/2015 05:53
191,17.8,3.45,0,6,,07:00:00,30/06/2015 06:53
177,17.8,0,0,6,,08:00:00,30/06/2015 07:53
176,17.8,6.9,0,6,,09:00:00,30/06/2015 08:53
194,17.2,9.2,0,7,,10:00:00,30/06/2015 09:53
260,17.2,5.75,0,6,,11:00:00,30/06/2015 10:53
280,17.2,6.9,0,6,,12:00:00,30/06/2015 11:53
295,18.3,5.75,0,6,,13:00:00,30/06/2015 12:53
266,19.4,6.9,0,6,,14:00:00,30/06/2015 13:53
277,20.6,8.05,0,6,,15:00:00,30/06/2015 14:53
321,21.1,8.05,0,7,,16:00:00,30/06/2015 15:53
476,21.7,6.9,0,7,,17:00:00,30/06/2015 16:53
393,22.2,9.2,0,8,,18:00:00,30/06/2015 17:53
320,23.3,3.45,0,10,,19:00:00,30/06/2015 18:53
283,23.9,6.325,0,10,,20:00:00,30/06/2015 19:53
216,24.4,9.2,0,10,,21:00:00,30/06/2015 20:53
146,24.4,5.75,0,10,,22:00:00,30/06/2015 21:53
64,23.3,9.2,0,10,,23:00:00,30/06/2015 22:53
43,22.8,9.2,0,10,,00:00:00,30/06/2015 23:53
34,22.2,6.9,0,10,,01:00:00,01/07/2015 00:53
22,21.1,9.2,0,10,,02:00:00,01/07/2015 01:53
18,20.6,9.2,0,10,,03:00:00,01/07/2015 02:53
22,19.4,8.05,0,10,,04:00:00,01/07/2015 03:53
101,19.4,8.05,0,10,,05:00:00,01/07/2015 04:53
183,17.2,6.9,0,9,,06:00:00,01/07/2015 05:53
172,16.7,8.05,0,9,,07:00:00,01/07/2015 06:53
169,16.7,6.9,0,10,,08:00:00,01/07/2015 07:53
207,16.1,10.35,0,10,,09:00:00,01/07/2015 08:53
211,15.6,8.05,0,10,,10:00:00,01/07/2015 09:53
236,15,9.2,0,10,,11:00:00,01/07/2015 10:53
259,15,8.05,0,10,,12:00:00,01/07/2015 11:53
271,15.6,8.05,0,10,,13:00:00,01/07/2015 12:53
289,16.1,5.75,0,10,,14:00:00,01/07/2015 13:53
306,15.6,5.75,0,10,,15:00:00,01/07/2015 14:53
340,16.1,6.9,0,10,,16:00:00,01/07/2015 15:53
448,16.1,4.6,0,10,,17:00:00,01/07/2015 16:53
425,17.8,4.6,0,10,,18:00:00,01/07/2015 17:53
326,18.9,5.75,0,10,,19:00:00,01/07/2015 18:53
270,20.6,6.9,0,10,,20:00:00,01/07/2015 19:53
220,20.6,5.75,0,10,,21:00:00,01/07/2015 20:53
164,21.7,4.6,0,10,,22:00:00,01/07/2015 21:53
73,22.2,4.6,0,10,,23:00:00,01/07/2015 22:53
