0,36,24,18,17
0,31,18,14,13
0,9,18,8,15
0,24,37,13,37
0,73,151,23,68
0,178,450,65,205
0,220,482,90,242
0,243,403,98,243
0,218,350,115,261
0,218,327,144,230
0,265,416,147,264
0,259,420,190,203
0,282,452,158,227
0,333,464,167,269
0,342,600,182,314
0,385,753,122,272
0.125,445,778,133,245
0.25,361,493,186,253
0,304,362,177,222
0,225,316,141,171
0,234,299,122,128
0,166,213,82,76
0,123,137,77,98
0,66,69,34,43
0,51,41,23,30
0,37,31,21,21
0,10,16,5,16
0,13,19,6,21
0,33,86,15,48
0,83,360,27,82
0,93,193,59,161
0,143,212,118,237
0,241,345,121,354
0,288,422,177,365
0,348,563,164,400
0,479,652,176,418
0,481,643,164,402
0,414,576,145,474
0,436,625,151,398
0,442,593,130,427
0,367,538,163,354
0,337,448,152,337
0,304,418,138,279
0,238,339,97,226
0,224,286,102,193
0,168,185,90,134
0,113,78,45,96
0,161,134,61,127
0,65,52,28,43
0,43,24,17,33
0,18,16,16,25
0,14,21,3,15
0,34,70,10,38
0,76,322,9,62
0,83,198,36,121
0,121,255,68,226
0,249,294,105,319
0,323,383,129,443
0,353,501,149,448
0,432,564,168,536
0,382,531,144,474
0,425,607,145,473
0,410,610,128,427
0,493,660,145,495
0,356,460,143,372
0,269,388,114,283
0,248,300,117,232
0,167,203,68,142
0,167,185,68,126
0.125,122,109,56,84
0.25,35,60,24,45
0,24,23,15,28
1.02,17,20,5,13
0,24,22,6,13
0,6,17,4,15
0,28,33,7,40
0,83,140,28,130
0,165,444,57,311
0,251,499,66,487
0,281,543,74,413
0,157,359,74,331
0,254,315,113,336
0,245,396,124,309
0,272,415,107,339
0,282,422,125,333
0,326,475,120,322
0,330,569,104,382
0,431,748,68,443
0,559,983,73,547
0,540,613,131,530
0,337,427,158,339
0,283,321,116,308
0,231,286,98,182
0,146,162,64,109
0,73,68,27,53
0,29,26,15,23
0,24,19,9,11
0,21,11,5,9
0,11,15,6,19
0,27,43,8,49
0,97,166,28,159
0,196,445,46,360
0,230,543,65,560
0,229,480,66,459
0,217,366,91,420
0,191,310,121,316
0,258,391,122,353
0,286,431,133,304
0,279,392,112,378
0,316,457,104,403
0,360,551,105,398
0,433,761,77,499
0,528,928,68,536
0,464,566,147,491
0,320,372,129,378
0,254,306,114,290
0,211,260,104,161
0,146,175,82,122
0,56,71,32,50
0,33,37,11,17
0.255,19,23,12,10
0.51,26,15,9,5
0.255,19,14,5,25
0,26,41,8,52
0,94,154,26,140
0,199,449,49,400
0,366,522,82,593
0,628,477,161,525
0,272,318,93,412
0,171,289,105,293
0,250,356,124,342
0,265,371,116,310
0,315,374,127,375
0,333,451,125,392
0,334,518,120,434
0,445,800,75,560
0,531,795,83,556
0,473,595,125,460
0,345,415,139,359
0,298,367,145,367
0,222,278,116,168
0,148,143,68,119
0,75,61,42,51
0,27,29,14,16
0,27,15,13,12
0,24,13,5,14
0,12,10,5,23
0,27,47,11,40
0,74,151,30,148
0,217,457,61,378
0,263,505,60,596
0,284,515,76,477
0,216,339,108,365
0,169,309,83,342
0,253,355,121,311
0,278,411,133,361
0,242,389,115,354
0,302,460,123,413
0.1275,354,535,98,479
0.255,382,741,69,554
0.3825,528,946,49,488
0.51,416,581,114,502
1.52,349,401,156,341
0,291,334,119,271
0,238,283,115,217
0,128,158,63,97
6.6,81,77,42,55
3.3,46,47,31,38
0,29,20,14,20
0,18,13,7,12
0.25,23,19,6,25
0,25,38,10,46
0,52,119,26,144
0,175,393,54,374
0,261,498,72,600
0.255,241,398,84,466
0.51,215,328,97,419
0,215,326,123,388
0,279,405,153,410
0,307,451,156,404
0,303,397,129,338
0,347,488,159,391
0,373,608,88,381
0,421,768,91,450
0,444,778,81,409
0,375,543,170,356
0,277,398,139,272
0,265,328,138,232
0,268,354,103,159
0,154,171,87,105
0,95,68,66,50
0,57,46,41,25
0,43,26,29,24
0,31,14,14,16
0,14,10,8,13
0,15,12,7,22
0,25,27,22,52
0,56,77,25,79
0,95,129,64,157
0,200,191,84,289
0,284,310,134,354
0,385,398,179,393
0,341,424,195,390
0,431,459,237,449
0,408,515,192,389
0,357,539,201,421
0,384,546,175,352
0,362,499,221,365
0,329,478,191,345
0,310,433,183,253
0,249,343,156,242
0,231,352,126,203
0,220,291,114,159
0,183,188,87,110
0,115,117,67,75
0,75,61,39,41
0,51,47,19,33
0,30,18,16,17
0,19,21,10,11
0,17,13,10,5
0,38,32,5,32
0,45,61,19,51
0,58,59,40,90
0,121,142,53,165
0,254,249,94,260
0,311,299,121,367
0,329,416,171,361
0,341,433,186,421
0,339,434,199,311
0,331,463,194,329
0,358,480,191,331
0,314,478,235,263
0,322,423,184,256
0.25,285,376,159,216
0,254,392,139,169
0,153,222,93,152
0,174,160,84,114
0,105,99,37,70
0,67,69,29,31
0,29,24,8,20
0.25,12,8,6,9
3.3,14,12,8,6
1.02,12,16,7,12
4.06,29,37,11,33
6.1,90,169,30,101
3.3,196,398,49,218
1.02,219,481,83,349
0.765,192,386,109,284
0.51,207,298,86,267
0.255,162,278,105,215
0,221,325,134,262
0,245,390,138,229
0,271,367,128,247
0,269,399,150,333
0,327,492,127,251
0,398,717,117,360
0,440,802,118,276
0,371,472,178,265
0,325,339,186,231
0,241,306,133,202
0,195,236,101,138
0,147,154,62,75
0,64,51,43,54
0,41,44,22,13
0,28,15,10,12
0.125,27,15,5,6
0.25,13,17,5,16
0.51,31,40,8,33
0.255,91,176,25,99
0,211,430,60,244
0.25,212,481,79,291
0.25,221,417,97,277
0.125,203,311,117,276
0,191,332,90,205
0,203,336,139,239
0,265,411,172,206
0,239,379,134,218
0,306,406,165,267
0,323,527,127,283
0,372,747,116,315
0,516,765,120,277
0,408,549,185,288
0,346,383,183,284
0,264,364,136,242
0,236,305,114,135
0,130,158,79,91
0,63,73,39,37
0,46,36,24,26
0,26,15,14,14
0,20,17,4,9
0,17,17,8,16
0,31,45,6,43
0,91,176,33,95
0,221,465,73,236
0,236,485,82,292
0,261,453,83,274
0,183,343,106,261
0,179,288,108,229
0,226,371,145,285
0,276,413,127,214
0,264,368,162,249
0,326,428,167,281
0,335,524,145,329
0,391,771,88,381
0,509,837,98,314
0,466,548,196,312
0,351,398,182,278
0,268,324,143,269
0,227,304,108,143
0,156,171,87,83
0,70,81,34,45
0,44,29,18,19
0,33,15,13,10
0,27,11,8,10
0,15,17,5,13
0,24,48,6,35
0,82,156,33,89
0,207,415,55,199
0,229,513,68,347
0,265,468,91,215
0,198,336,82,251
0,172,297,102,205
0,224,352,135,285
0,291,406,163,225
0.25,289,377,128,255
0.25,311,431,134,266
0.25,297,563,114,365
0.25,404,780,91,341
0.25,626,898,97,324
0.25,413,585,135,232
0.25,262,368,140,178
0.51,290,321,133,135
0.76,226,291,100,137
1.52,163,161,68,83
1.02,75,67,41,31
1.78,33,43,25,20
1.27,30,21,14,15
0.51,30,24,10,13
0.38,13,24,7,16
0.25,27,39,9,29
0,66,148,29,96
0,192,418,68,212
0,216,459,75,321
0,198,380,108,267
0,203,292,101,276
0,180,293,107,218
0,262,372,151,256
0,302,415,161,241
0,311,413,156,222
0,339,512,159,321
0,368,636,122,303
0,531,921,78,331
0,558,895,85,313
0,432,605,149,324
0,302,405,141,252
0,262,326,136,215
0,237,297,121,138
0,198,162,101,122
0,100,79,70,58
0,71,51,55,51
0,62,23,24,19
0,39,16,18,19
0,24,11,13,12
0,18,9,9,22
0,32,38,15,42
0,50,113,28,44
0,83,103,65,163
0,117,145,129,201
0,243,282,139,290
0,293,328,179,364
0,358,442,178,336
0,409,480,174,283
0,371,470,139,304
0,338,459,140,374
0,362,498,166,338
0,375,544,153,322
0,386,544,164,269
0,318,392,168,242
0,272,375,134,189
0,242,274,146,184
0,203,287,103,97
0,165,161,110,95
0,118,105,61,71
0,79,73,44,49
0,46,25,26,22
0.76,47,32,22,25
1.52,27,14,9,16
0,11,17,7,11
0,45,60,10,30
0,39,165,23,40
0,68,107,34,91
0,104,155,48,118
0,208,229,96,213
0,242,310,113,276
0,295,380,159,284
0.406,355,489,184,374
0.812,350,530,173,359
1.218,372,490,167,373
1.624,378,598,159,356
2.03,412,562,140,286
1.015,354,463,139,243
0,344,416,154,226
0,240,323,169,170
0,200,225,93,151
0,167,192,74,112
0,113,98,48,71
0,48,48,36,36
0,27,24,10,13
0,14,24,9,17
0,11,9,3,9
0,7,11,6,13
0,33,38,5,30
0,87,155,28,94
0,206,368,54,220
0,239,499,67,290
0,193,361,143,244
0,192,328,89,251
0,177,268,105,232
0,220,365,133,215
0,239,357,142,217
0,222,373,103,200
0,300,413,124,296
0,339,546,147,280
0,396,623,120,362
0,497,789,108,270
0,390,535,196,298
0,294,347,177,255
0,260,337,157,168
0,236,304,115,126
0,142,167,64,71
0,51,69,33,31
0,25,37,28,14
0,37,25,9,13
0,27,16,3,7
0,10,12,7,13
0,35,47,9,29
0,81,163,28,102
0,215,420,58,216
0,216,426,88,316
0,242,478,95,253
0,184,333,91,242
0,210,311,88,225
0,229,346,139,236
0,245,376,171,201
0,261,372,132,208
0,290,400,135,320
0,349,492,125,293
0,382,718,92,344
0,553,892,96,280
0,400,501,154,285
0,303,316,180,245
0,300,319,184,270
0,224,295,136,124
0,151,177,83,77
0,68,89,34,38
0,37,34,21,23
0,24,19,12,9
0,26,14,4,10
0,8,12,7,9
0,32,51,10,34
0,87,164,29,91
0,215,448,43,230
0,237,483,86,285
0,206,403,80,280
0,180,324,80,268
0,212,324,107,232
0,248,350,168,247
0,295,392,157,210
0,287,357,144,219
0,291,415,146,281
0,324,507,137,333
0,379,726,68,323
0,608,804,119,278
0,479,549,145,275
0,317,356,178,275
0,266,339,148,275
0,223,303,133,127
0,155,182,79,76
0,74,83,53,34
0,36,38,19,25
0,27,22,10,16
0,17,15,4,9
0,18,16,9,13
0,25,43,9,33
0,82,171,32,96
0,204,418,54,213
0,223,461,76,403
0,208,386,100,328
0,207,333,116,254
0,233,321,106,219
0,223,359,141,260
0,282,427,166,231
0,270,403,130,233
0,299,442,145,281
0,333,545,133,292
0,415,778,89,306
0,577,904,101,283
0,471,518,171,282
0,356,417,165,256
0,296,378,162,263
0,202,362,98,181
0,151,172,88,106
0,69,69,41,50
0,37,46,18,15
0,32,17,16,18
0,24,14,9,10
0,19,15,13,15
0,22,37,7,28
0,57,116,28,83
0,172,343,51,182
0,213,437,81,263
0,217,375,97,266
0,182,325,122,253
0,252,322,115,222
0,255,385,181,246
0,279,465,187,227
0,286,436,164,251
0,320,540,143,257
0,345,630,116,288
0,393,715,126,299
0,392,686,129,265
0,347,496,181,286
0,291,350,143,235
0,264,348,109,205
0,205,288,126,150
0,173,217,85,97
0,100,105,66,55
0,81,63,38,45
0,39,29,18,28
0,34,15,13,24
0,18,14,9,13
0,18,18,7,17
0,34,42,11,39
0,58,73,28,58
0,73,105,58,123
0,123,170,86,176
0,194,285,127,245
0,259,323,154,256
0,242,381,160,283
0,268,412,197,262
0,320,458,173,275
0,288,463,156,265
0,323,487,185,257
0,318,472,184,242
0,316,415,183,227
0,279,392,169,205
0,206,300,157,172
0,211,268,107,127
0,175,260,101,137
0,175,186,84,97
0,98,107,60,62
0,50,50,39,38
0,46,31,21,20
0,40,32,21,20
0,23,16,8,17
0,12,19,6,12
0,35,36,7,22
0,30,46,14,26
0,52,69,20,56
0.51,82,102,42,115
0,145,212,78,169
0,194,234,110,232
0,205,321,136,238
0,302,400,155,265
0,261,395,140,288
0,254,389,153,247
0.38,254,401,157,207
0.76,302,426,169,217
0.25,286,411,174,206
0.25,268,379,124,175
0.76,223,302,127,148
0.76,179,237,84,123
0.76,148,189,81,104
1.27,132,130,70,90
1.02,72,67,46,57
0.76,35,38,25,24
0.51,24,27,18,24
0.25,31,25,13,11
1.02,13,12,4,13
1.02,19,22,9,18
1.52,42,45,16,29
1.52,44,58,23,41
2.79,52,60,92,60
1.27,105,113,46,178
0.25,118,203,62,232
0.125,211,292,97,216
0,259,366,155,246
0,287,437,207,224
0,302,572,181,264
0,357,791,178,276
0,298,747,173,236
0,306,493,182,226
0,313,456,176,217
0,253,370,137,202
0,263,334,156,175
0,205,250,110,121
0,150,201,89,129
0,123,127,50,72
0,62,59,30,35
0,38,34,20,19
0,23,20,3,16
0,21,17,7,11
0,14,19,5,15
0,30,27,10,30
0,82,167,27,97
0,193,409,61,196
0,228,440,71,265
0,179,380,96,243
0,170,282,91,233
0,155,271,94,202
0,212,322,123,190
0,261,390,131,209
0,266,389,119,230
0,244,389,117,241
1.395,287,520,113,255
2.79,340,714,119,330
0.25,542,755,130,244
0.25,298,473,156,177
1.52,263,343,176,156
1.78,216,283,144,115
3.05,172,265,103,84
3.05,150,167,57,71
0.76,60,56,46,35
1.02,52,35,18,22
0.25,21,15,9,11
0.25,32,22,5,10
0,13,11,6,11
0,27,36,8,34
0,101,163,37,99
0,201,449,56,208
0,243,468,93,284
0,234,414,69,249
0,210,340,111,260
0,189,329,129,224
0,272,376,152,247
0,287,428,179,268
0,253,388,160,213
0,285,409,167,280
0,328,538,128,281
0,358,711,111,298
0,456,777,109,268
0,462,537,168,262
0,375,415,175,224
0,261,345,193,288
0,250,314,136,156
0,172,202,86,77
0,73,83,42,42
0,32,33,17,24
0,25,16,17,18
0,22,20,8,8
0,20,11,10,18
0,31,46,6,29
0,84,150,32,107
0,212,439,52,250
0,222,518,87,286
0,211,382,101,254
0,227,343,116,264
0,254,290,115,203
0,232,377,168,276
0,307,468,136,215
0,257,349,158,234
0,282,423,139,297
0,326,563,96,275
0,358,712,83,300
0,502,791,98,268
0,425,575,177,281
0,366,408,183,237
0,290,354,192,275
0,223,366,122,157
0,160,191,92,92
0,82,81,44,39
0,44,41,23,28
0,43,27,10,19
0,19,13,15,12
0,15,15,9,22
0,28,33,6,30
0,70,144,28,96
0,174,409,50,188
0.125,232,442,87,288
0.25,212,368,80,263
5.08,189,297,102,254
1.52,212,322,127,209
0.76,249,398,151,254
0,271,416,162,254
0,277,389,167,232
0,343,558,155,259
0,392,695,98,371
0,416,848,79,302
0,535,876,77,303
0.17,339,526,150,246
0.34,262,339,136,205
0.51,240,329,128,142
2.29,229,322,112,120
1.4,185,205,88,90
0.51,112,102,67,44
1.27,55,60,51,35
1.02,45,33,28,23
0.85,32,27,10,25
0.68,16,10,10,10
0.51,17,23,8,24
0.255,37,70,16,29
0,58,160,27,71
0,84,178,65,121
0,117,193,91,210
0,226,303,117,261
0,265,380,159,324
0,277,440,189,266
0,323,491,243,298
0,336,497,179,321
0,320,479,198,294
0,332,519,192,273
0,347,521,184,290
0,335,502,194,276
0,303,485,185,240
0,278,352,166,181
0,205,308,126,155
0,217,269,123,125
0,176,164,97,109
0,112,120,65,61
0,72,51,46,43
0,50,41,23,32
0,58,30,17,21
0,17,16,2,17
0,10,23,10,14
0,39,48,16,25
0,40,154,21,36
0,63,100,36,68
0,108,156,70,156
0,256,235,111,193
0,303,326,128,307
0,316,434,160,291
0,374,528,200,423
0,330,487,217,366
0,372,460,176,345
0,353,525,200,284
0,377,490,207,310
0,351,493,200,258
0,293,445,172,209
0,252,370,145,186
0,190,244,105,140
0,170,202,85,130
0,130,134,62,71
0,61,63,31,36
0,37,47,13,18
0,22,18,8,13
0,18,18,6,8
0,10,20,5,14
0,36,41,11,31
0,85,159,31,91
0,199,424,46,203
0,203,437,81,279
0,187,332,105,211
0,203,300,98,237
0,203,300,120,204
0,205,362,143,242
0,269,393,132,213
0,280,385,138,222
0,295,453,174,270
0,320,546,147,261
0,384,723,130,305
0,502,823,129,268
0,409,551,188,272
0,305,384,176,236
0,314,364,163,238
0,249,322,133,165
0,154,164,67,93
0,78,82,49,65
0,53,37,19,22
0,29,20,8,9
0,24,17,11,13
0,14,15,9,9
0,28,38,7,34
0,89,184,32,113
0,200,432,68,200
0,219,470,78,294
0,235,418,94,223
0,193,328,123,238
0,168,307,108,188
0,237,361,152,256
0,255,405,161,221
0,278,407,153,265
0,288,445,161,242
0,331,527,152,264
0,395,708,117,306
0,545,760,139,238
0,393,559,195,245
0,309,402,152,246
0,262,388,152,259
0,230,271,115,155
0,166,172,77,98
0,77,73,51,44
0,42,32,24,20
0,25,20,10,8
0,28,21,12,10
0,18,20,4,17
0,27,47,10,33
0,85,138,25,87
0,192,430,59,206
0,216,455,85,307
0,199,410,84,223
0,201,317,94,203
0,182,317,111,188
0,230,344,142,243
0,257,420,131,197
0,270,361,143,203
0.51,314,433,149,294
0.255,348,548,111,320
0,380,776,103,308
0,527,836,124,235
4.32,347,572,127,184
7.37,306,381,171,148
3.94,244,304,141,141
0.51,212,266,109,125
2.203333333,162,158,78,77
3.896666667,74,75,46,43
5.59,50,46,32,33
0.51,32,16,15,19
0.25,30,24,9,12
0,16,18,6,14
0,31,41,6,37
0,80,149,33,91
0,181,434,50,210
0,205,437,96,257
0,208,414,84,235
0,214,326,99,247
0,216,321,131,206
0,221,319,148,263
0,279,386,143,243
0,299,382,163,243
0,296,405,149,297
0,330,496,130,260
0,354,708,120,287
0,515,813,118,248
0,410,545,186,240
0,332,380,171,273
0,306,363,161,261
0,277,346,138,160
0,160,189,109,127
0,97,95,53,51
0,44,34,28,25
0,38,15,13,12
0,24,23,14,12
0,18,17,7,17
0,26,48,8,30
0,66,130,27,103
0,175,384,54,208
0,212,459,85,247
0,224,374,93,270
0,224,305,133,280
0,194,336,141,220
0,269,386,195,255
0,293,428,178,263
0,311,474,179,229
0,317,492,154,310
0,363,644,111,285
0,477,885,105,271
0,497,826,119,268
0,339,504,199,263
0,274,376,180,204
0,233,354,163,187
0,247,316,136,171
0,208,218,126,97
0,114,147,89,74
0,63,58,44,33
0,49,44,23,27
0,36,25,20,18
0,22,16,14,8
0,20,25,14,25
0,30,85,19,50
0,64,230,31,67
0,69,128,69,119
0,154,232,130,193
0,299,331,195,389
0,367,405,143,455
0,378,512,191,349
0,382,537,215,291
0,334,492,183,317
0,348,531,202,276
0,336,494,191,279
0,331,456,176,288
0,328,472,171,241
0,316,370,145,221
0,222,316,150,163
0,230,286,130,132
0,178,273,122,154
0,161,207,102,115
0,90,97,55,61
0,59,52,59,34
0,35,32,25,20
0,40,28,18,15
0,17,11,6,15
0,10,17,12,12
3.56,30,61,9,29
13.46,53,190,12,32
0.51,56,104,29,61
0,114,140,63,138
0,226,266,109,198
0,260,309,149,273
1.02,310,433,173,266
0,380,468,250,402
0,358,472,209,323
0,362,458,187,370
0,326,432,182,230
0,390,470,231,289
0,313,437,247,283
0,321,439,211,206
0,254,300,171,171
0,190,207,131,155
0,179,184,76,100
0,134,110,68,78
0,64,67,37,35
0,33,21,23,25
0,15,16,8,12
0,24,17,6,9
0,12,11,8,8
0,37,38,5,29
0,87,145,28,102
0,190,399,52,194
0,171,408,59,239
0,154,330,81,215
0,194,320,114,179
0,189,272,128,202
0,227,363,146,249
0,262,464,170,230
0,254,394,164,223
0,325,430,161,266
0,304,514,160,240
0,408,723,150,275
0,598,769,153,257
0,468,722,210,209
0,320,400,209,230
0,270,323,163,226
0,244,290,132,195
0,168,181,92,76
0,82,72,47,54
0,40,41,27,28
0,25,18,11,14
0,23,20,8,8
0,18,16,5,11
0,27,49,7,32
0,97,155,35,98
0,178,411,48,187
0,167,417,66,276
0,218,444,71,214
0,190,297,102,209
0,248,321,146,214
0,204,354,175,227
0,283,408,171,278
0,261,384,157,262
0,315,457,175,235
0,254,541,157,217
0,254,701,130,39
0,548,732,119,331
0,541,688,159,202
0,348,450,201,254
0,237,324,150,240
0,256,329,123,158
0,144,183,96,86
0,75,86,43,44
0,51,43,16,30
0,34,23,15,16
0,29,15,10,14
0,14,14,5,15
0,30,48,13,28
0,92,150,34,99
0,183,412,53,194
0,176,439,80,244
0,192,407,100,214
0,192,321,144,214
0,192,306,146,240
0,252,349,167,245
0,266,406,165,216
0,299,442,165,217
0,303,466,196,239
0,289,540,137,244
0,510,728,120,262
0,600,686,114,236
0,565,611,181,212
0,310,371,189,218
0,259,310,176,282
0,255,289,116,179
0,161,186,75,93
0,65,77,40,31
0,49,34,15,18
0,34,22,13,16
0,29,19,5,9
0,15,23,7,14
0,31,41,9,36
0,75,135,29,89
0,172,409,52,172
0,156,408,68,231
0,167,381,111,200
0,170,294,101,201
0.25,168,332,108,176
0.76,217,382,147,205
1.78,250,393,166,213
0.76,261,406,143,202
0.25,294,478,150,231
0.51,333,640,98,251
0.51,470,657,139,239
0.38,529,792,110,211
0.25,428,678,198,198
0.76,253,359,155,197
1.27,222,321,146,135
0.51,222,295,140,118
0,158,178,79,98
0,90,84,54,34
0,56,49,28,17
0,32,17,15,15
0,28,17,11,7
0,17,18,8,20
0,28,43,6,30
0,74,155,37,86
0,159,413,45,179
0,167,391,86,237
0,192,349,97,203
0,169,306,138,220
0,209,299,154,221
0,247,410,165,258
0,307,440,207,255
0,294,429,193,242
0,352,545,140,276
0,356,716,120,216
0,545,745,129,233
0,544,656,219,212
0,338,513,208,204
0,256,361,170,214
0,226,330,135,167
0,256,311,131,149
0,197,211,107,112
0,99,112,68,63
0,75,65,38,55
0,46,35,26,29
0,39,23,14,15
0,20,13,11,22
0,16,26,9,24
0,46,72,24,37
0,51,152,22,66
0,77,140,58,120
0,115,154,82,186
0,176,234,115,206
0,223,275,129,205
0,222,379,181,300
0,302,425,194,276
0,323,405,180,285
1.27,320,504,203,244
0.51,310,467,204,264
0.34,308,483,191,283
0.17,324,425,187,211
0,271,385,168,204
0,266,311,167,162
0,173,257,123,145
0,184,241,101,124
0,161,190,95,90
0,100,113,65,75
0,74,64,52,46
0,41,33,27,30
0,42,35,16,17
0,26,10,11,21
0,11,22,10,14
0,23,59,13,25
0,42,114,14,34
0,62,93,22,73
0,92,137,67,105
0,209,238,103,191
0,272,279,126,273
0,263,329,179,274
0,304,437,221,292
0,334,411,194,310
0,339,459,212,275
0,335,481,184,257
0,330,428,229,308
0,304,415,211,266
0,279,367,186,227
0,252,314,170,207
0,224,244,129,163
0,206,224,97,143
0,145,111,60,72
0,70,75,37,42
0,34,33,18,14
0,11,20,10,10
0,21,20,10,6
0,21,20,6,13
0,30,35,8,29
0,76,148,27,96
0,172,402,51,170
0,166,429,59,230
0,208,373,85,241
0,161,294,106,222
0,186,280,102,193
0,212,368,143,238
0,266,425,157,226
0,266,391,185,206
0,327,444,156,253
0,304,472,108,256
0,284,625,107,241
0,442,712,118,254
0,400,501,183,218
0,306,364,168,227
0,265,362,134,259
0,240,294,104,168
0,166,193,82,91
0,76,70,39,41
0,42,34,23,12
0,30,22,13,7
0,31,16,10,10
0,14,10,6,23
0,28,42,5,33
0,93,156,30,89
0,188,433,41,187
0,169,408,55,300
0,181,387,80,199
0,191,322,117,200
0,186,323,115,230
0,220,365,148,233
0,286,423,175,238
0,285,433,148,258
0,259,377,146,259
0,298,537,99,256
0,332,702,86,257
0,473,802,118,278
0,382,558,184,240
0,329,351,167,244
0,256,312,161,203
0,194,286,107,133
0,158,201,92,110
0,76,86,43,51
0,35,41,28,21
0,37,24,11,21
0,25,20,11,7
0,13,17,7,14
0,32,49,6,34
0,78,150,35,84
0,191,446,39,187
0,169,429,71,250
0,178,387,97,228
0,182,316,122,201
0,185,299,122,187
0,232,377,133,284
0,275,436,171,226
0,272,423,144,209
0,262,419,154,254
0,306,528,96,280
0,338,663,103,293
0,497,832,132,222
0,345,490,210,240
0.76,311,351,162,199
2.03,256,329,165,167
19.3,228,324,106,132
0,163,176,90,77
0,78,85,50,48
0,50,38,31,20
0,31,16,17,10
0,28,33,10,7
0,16,18,11,14
0,24,37,8,36
0,82,154,30,98
0,165,386,49,189
0,185,408,68,258
0,195,359,105,248
0,191,307,124,228
0,188,324,125,202
0,238,403,172,245
0,299,428,195,185
0,303,415,168,222
0,279,420,163,270
0,277,505,121,249
0,347,666,93,281
0,482,866,115,249
0,410,532,195,237
0,315,366,175,259
0,297,345,173,231
0,246,294,161,171
0,173,191,125,126
0,94,93,54,60
0,53,60,28,21
0,29,14,11,17
0,22,21,12,11
0,13,17,7,10
0,24,37,4,33
0,58,123,33,102
0,151,324,37,163
0,168,359,69,219
0,173,302,96,246
0,195,313,143,233
0,206,317,158,230
0,249,356,163,231
0,285,455,183,268
0,318,454,162,297
0,308,468,190,286
0,329,588,141,283
0,362,699,128,235
0,370,624,158,261
0,318,429,196,243
0,280,320,183,190
0,225,282,148,158
0,236,280,120,170
0,171,174,111,99
0,110,102,70,65
0,79,58,43,36
0,43,35,21,34
0,23,19,14,14
0,25,13,11,19
0,22,12,7,24
0,37,26,17,36
0,40,53,59,50
0,84,77,77,87
0,121,126,87,178
0,174,184,166,209
0,260,283,184,317
1.78,276,318,183,313
5.08,275,357,219,299
3.81,318,359,244,267
0.25,315,412,194,276
0,321,393,189,260
0,310,379,192,317
0,289,363,183,256
0,276,320,201,226
0,217,249,153,190
0,228,253,114,160
0,206,238,132,160
0,170,144,115,95
0,125,97,72,79
0,71,63,46,47
0,40,21,20,32
0,38,19,18,25
0,23,15,8,23
0,15,14,7,15
0,39,21,11,26
0,48,47,29,37
0,75,50,85,71
0,150,119,111,236
0,263,234,128,373
0,320,298,159,320
0,305,337,178,317
0,290,324,206,298
0,272,324,203,339
0,325,332,239,283
0,285,356,213,268
0,315,352,191,290
0,292,331,205,260
0,280,293,182,227
0,261,269,157,207
0,236,207,150,177
0,194,135,115,153
0,115,90,81,90
0,65,49,48,33
0,38,22,13,16
0,26,26,5,12
0,17,8,12,9
0,13,11,6,18
0,33,16,9,26
0,59,62,31,84
0,127,145,42,161
0,112,188,74,195
0,117,154,72,196
0,125,168,76,214
0,162,221,104,181
0,203,264,151,215
0.25,240,319,157,223
12.95,280,353,156,218
8.38,262,309,183,238
1.02,257,371,129,242
0,322,574,124,238
0,418,642,155,210
0,345,414,190,211
0,279,316,193,247
0,269,283,153,218
0,244,258,150,160
1.52,155,134,85,91
0,73,73,48,41
0,44,37,28,16
0,28,17,14,14
0,20,6,7,11
0,11,11,5,15
0,30,20,8,33
0,66,75,35,90
0,134,142,67,190
0,124,208,75,266
0,159,260,101,267
0,182,230,113,230
0,189,231,137,222
0,223,303,166,253
0,261,376,170,214
0,265,297,167,236
0,287,345,176,262
0,271,381,124,251
0,341,576,127,274
0,435,655,161,220
0,373,456,199,225
0,289,288,184,213
0,293,310,165,254
0,222,232,124,194
0,151,125,97,102
0,81,70,50,49
0,49,26,28,24
0,32,18,12,20
0,25,15,16,16
0,15,9,4,13
0,25,29,10,31
0,70,69,40,106
0,133,152,58,187
0,136,195,87,263
0,170,232,92,222
0,160,214,134,225
0,192,221,125,218
0,228,312,189,249
0,266,322,155,212
0,250,297,171,207
0,267,315,174,235
0,276,416,125,251
0,324,549,115,273
0,432,587,157,250
0,396,417,201,257
0,295,312,187,224
0,253,277,173,270
0,257,258,145,159
0,160,140,74,85
0,83,75,46,40
0,42,36,19,22
0,28,18,9,11
0,20,15,11,9
0,13,10,7,15
0,22,19,11,37
0,69,59,40,90
0,135,162,58,186
0,156,208,83,267
0,170,209,116,226
0,187,229,128,270
0,215,236,128,183
0,232,269,170,231
0,280,366,172,213
0,279,335,185,239
0,281,353,177,290
0,275,399,144,255
0,314,588,129,271
0,385,563,144,236
0,350,413,186,234
0,325,308,175,222
0,295,276,157,225
0,236,247,156,196
0,170,155,114,116
0,82,72,60,57
0,55,41,22,30
0,35,23,17,20
0,26,14,11,22
0,12,10,7,16
0,21,21,10,29
0,50,53,31,91
0,130,164,64,183
0,141,186,75,245
0,166,217,102,237
0,175,216,122,227
0,192,229,130,196
0,233,307,172,269
0,313,388,204,255
0,275,365,184,241
0,295,401,159,248
0,314,453,126,242
0,334,583,107,222
0,350,530,121,267
0,301,407,168,212
0,254,297,163,193
0,224,273,112,171
0,220,250,133,140
0,148,169,92,111
1.02,106,86,53,59
0.51,72,35,40,33
0,54,37,27,30
0,35,23,14,20
0,23,13,13,18
0,28,16,7,26
0,32,41,21,34
0,57,92,38,61
0,94,90,78,117
0,147,133,111,173
0,224,234,161,255
0,224,271,199,308
0,270,315,198,271
0,296,370,208,311
0,291,359,214,255
0,285,380,207,259
0,318,349,224,299
0,306,350,195,260
0,309,335,197,246
0,276,308,173,229
0,239,255,178,200
0,198,244,132,174
0,165,216,119,139
0,153,182,95,98
0,105,94,60,72
0,74,51,52,49
0,40,24,24,21
0,42,23,19,29
0,29,12,15,10
0,13,19,7,14
0.125,37,32,11,26
0.25,39,108,13,34
0.76,64,66,28,84
0,102,112,62,121
0,185,196,115,174
0,245,291,116,261
0,259,301,136,245
0,280,357,219,287
0,298,405,220,264
0,322,368,171,280
0,315,408,207,281
0,308,449,207,294
0,262,378,179,180
0,266,341,164,178
0,231,293,131,151
0,200,241,122,134
0,177,174,100,138
1.78,98,98,62,89
0.89,58,61,27,45
0,49,37,14,21
0,14,20,5,13
0,24,21,8,9
0,13,11,8,20
0,26,36,7,28
0,107,159,33,89
0,170,372,45,174
0,159,384,71,244
0,200,301,93,220
0,160,264,117,232
0,183,259,120,186
0,232,351,153,255
0,270,395,128,208
0,269,388,140,227
0,286,396,152,256
0,315,473,149,272
0,382,704,90,287
0,433,691,142,232
0,375,473,189,224
0,322,360,181,257
0,261,311,143,184
0,203,253,92,132
0,141,142,70,105
0,78,72,37,43
0,47,53,25,29
1.395,24,16,16,14
2.79,21,11,7,10
1.395,10,10,6,13
0,25,34,11,27
0,89,169,30,78
0,171,413,56,182
0,191,436,73,247
0,177,332,82,233
0,176,268,115,199
0,194,314,124,190
0,260,383,143,270
0,280,405,180,227
0,295,397,155,226
0,266,420,173,247
0,277,463,142,249
0,321,653,99,278
0,476,739,148,230
0,393,518,201,200
0,320,358,211,249
0,283,365,172,249
0,216,261,124,175
0,146,159,63,107
0,64,79,40,53
0,43,37,21,23
0,34,25,11,14
0,22,20,9,7
0,18,15,8,13
0,22,37,9,31
0,101,174,30,93
0,183,359,51,188
0,172,455,71,231
0,169,374,99,223
0,207,311,105,249
0,211,313,99,215
0,236,358,149,294
0,259,408,185,200
0,271,397,166,249
0,289,432,175,299
0,306,483,132,252
0,340,688,99,274
0,448,722,106,229
0,425,544,162,247
0,326,393,169,233
0,270,353,148,254
0,220,270,110,159
0,164,200,75,91
0,73,70,63,38
0,44,50,28,31
0,34,33,9,12
0,22,12,7,8
0,26,22,4,17
0,13,26,8,33
0,68,126,34,87
0,150,327,64,187
0,167,388,77,228
0,191,314,96,228
0,195,300,108,222
0,207,271,119,229
0,234,376,170,227
0,258,380,168,218
0,305,393,185,252
0,304,492,150,255
0,327,549,132,265
0,400,663,160,253
0,367,577,153,241
0,336,410,180,219
0,268,353,159,207
0,253,316,141,170
0,225,261,122,145
0,170,183,86,119
0,86,84,49,47
0,65,59,30,26
0,45,33,13,21
0,26,14,19,18
0,16,16,4,11
0,10,30,7,17
0,40,47,22,42
0,62,87,20,81
0,77,122,60,99
0,126,161,74,147
0,177,246,121,228
0,195,293,145,218
0,240,379,192,268
0,293,467,188,246
0,292,416,195,267
0,322,496,193,235
0,302,495,170,256
0,266,445,168,222
0,279,433,155,232
0,284,373,137,202
0,209,324,115,150
0,229,260,103,135
0,189,249,82,152
0,160,184,85,108
0,116,144,79,57
0,68,66,25,44
0,37,40,21,24
0,32,21,21,14
0,18,13,7,10
0,18,21,5,12
0,24,30,11,31
0,51,58,26,50
0,46,67,30,64
0,86,91,45,104
0,127,156,81,157
0,200,220,92,215
0,207,301,134,224
0,224,316,152,243
0,216,307,133,201
0,276,399,128,186
0,233,341,163,181
0,228,299,169,170
0,219,253,124,141
0,180,235,124,194
0,169,208,112,159
0,167,174,85,153
0,121,124,92,165
0,226,302,142,125
0,176,227,128,90
0,81,84,57,53
0,42,29,23,22
0,24,22,17,19
0,27,13,10,5
0,14,14,6,10
0,32,23,6,24
0,44,45,24,37
0,44,66,25,45
0,77,110,32,92
0,139,167,79,144
0,199,227,93,183
0,227,309,141,190
0,268,341,169,239
0,308,377,162,257
0,235,340,183,225
0,254,401,174,218
0,260,376,161,221
0,276,364,153,228
0,255,304,152,178
0,214,318,124,152
0,199,213,138,128
0,159,172,66,108
0,111,117,60,83
0,54,64,36,35
0,41,29,18,26
0,17,15,4,17
0,18,16,14,19
0,15,23,7,13
0,21,26,10,33
0,68,130,19,74
0.51,145,351,34,137
4.57,138,333,62,202
9.65,174,280,77,183
28.96,169,277,85,209
9.91,157,237,113,198
5.59,196,306,138,195
7.11,234,359,126,215
3.3,243,370,148,200
0.51,293,390,163,233
0,270,446,143,246
1.145,373,661,106,262
2.29,382,653,141,218
0.51,350,485,189,229
0.34,265,321,166,188
0.17,256,281,136,157
0,199,256,116,128
0,144,173,62,75
0,73,83,54,36
0,36,37,30,14
0,27,17,11,6
0,20,15,5,9
0,12,19,2,18
0,21,34,10,29
0,87,167,30,79
0,159,425,49,197
0,189,400,57,262
0,191,364,100,207
0,176,309,132,202
0,184,268,138,204
0,204,370,181,254
0,299,416,172,226
0,282,406,152,241
0,309,408,138,243
0,306,498,117,283
0,379,704,121,303
0,559,842,143,226
0,409,546,187,248
0,339,374,187,261
0,277,337,154,238
0,237,295,140,173
0,155,186,97,95
0,73,73,53,36
0,56,50,26,19
0,27,25,12,21
0,30,22,6,18
0,13,12,5,19
0,20,43,7,33
0,102,174,30,76
0,170,430,51,182
0,181,441,76,270
0,207,393,92,221
0,194,294,110,216
0,216,314,119,196
0,236,361,147,235
0,261,432,149,239
0,266,365,178,189
0,287,404,150,252
0,306,488,123,265
0,314,626,106,305
0,427,734,122,263
0,427,511,167,230
0,308,338,191,254
0,303,349,164,252
0,225,301,130,177
0,153,200,89,95
0,78,93,54,46
0,39,31,28,14
0,22,19,9,12
0,22,17,6,12
0,17,15,6,17
0,19,36,10,31
0,93,161,28,71
0,167,422,56,182
0,182,452,78,259
0,183,384,105,236
0,187,285,117,263
0,207,283,141,227
0,273,399,148,228
0,314,441,182,206
0,284,374,180,210
0,292,404,150,255
0,293,499,128,303
0,348,677,128,284
0,492,859,95,271
0,438,529,188,245
0,347,412,180,209
0,280,344,168,214
0,255,309,134,157
0,170,220,106,129
0,89,90,55,55
0,61,54,22,36
0,37,26,13,12
0,30,26,13,13
0,14,15,3,17
0,18,36,8,33
0,67,142,37,74
0,143,406,50,186
0,173,432,78,234
0,193,344,114,208
0,200,299,117,227
0,210,331,176,229
0,252,365,243,254
0,279,452,218,276
0,278,421,173,255
0,328,541,181,257
0,318,576,134,284
0,378,771,111,267
0,420,749,122,217
0,332,442,202,253
0,288,354,163,213
0,251,343,128,182
0,209,281,121,150
0,189,214,118,102
0,116,120,76,71
0,59,70,44,31
0,56,43,20,24
0,29,31,23,20
0,28,17,17,15
0,23,38,44,24
0,48,114,281,46
0,92,262,97,87
0,134,161,83,216
0,206,204,93,317
0,277,326,91,417
0,346,400,78,386
0,349,487,72,360
0,411,569,89,326
0,324,427,117,250
0,338,498,109,292
0,363,465,127,269
0,377,486,107,294
0,294,468,120,218
0,283,404,103,195
0,237,312,95,180
0,192,270,113,166
0,213,261,93,132
0,157,214,92,120
0,102,110,75,66
0,85,77,48,49
0,49,54,26,31
0,35,29,20,19
0,24,20,7,18
0,21,30,7,16
0,31,95,15,23
0,45,213,20,45
0,92,101,51,75
0,117,130,66,179
0,218,236,104,211
0,257,293,143,230
0,284,396,160,284
0,276,399,167,317
0,291,403,177,291
0,317,434,216,312
0,289,484,155,248
0,334,429,212,238
0,303,408,167,274
0,287,387,171,226
0,263,314,151,196
0,205,256,125,151
0,162,177,103,110
0,133,135,44,78
0,48,56,25,36
0,27,29,10,24
0,21,22,8,19
0,15,16,7,12
0,12,15,6,8
0,27,38,7,32
23.37,76,144,30,95
24.64,165,397,35,177
12.32,168,452,67,225
0,183,335,76,185
0,173,317,110,214
0,199,318,160,202
0,213,364,200,234
0,282,470,204,223
0,263,396,144,212
0,276,392,162,229
0,266,470,122,221
0,304,654,109,256
0,508,744,115,210
0,389,465,168,245
0,307,374,187,253
0,333,310,171,297
0,223,284,107,177
0,136,171,79,85
0,71,80,36,42
0,40,33,22,17
0,27,25,14,17
0,25,26,11,7
0,9,17,5,16
0,27,42,8,36
0,89,160,34,82
0,173,416,56,188
0,174,459,59,285
0,192,430,86,281
0,187,327,111,232
0,176,313,131,175
0,196,308,165,233
0,246,413,178,216
0,186,255,97,134
0,0,0,0,0
0,0,0,0,0
0,0,0,0,0
0,0,0,0,0
0,0,0,0,0
0,0,0,0,0
0,0,0,0,0
0,0,0,0,0
0,0,0,0,0
0,0,0,0,0
0,51,42,24,19
0,30,20,12,12
0,26,12,15,7
0,20,21,7,17
0,18,39,4,35
0,88,177,29,81
0,165,401,48,197
0,188,461,81,240
0,196,361,95,255
0,198,321,124,192
0,199,297,110,242
0,223,357,156,268
0,250,419,167,220
0.25,274,380,152,200
0,287,418,170,270
0,290,552,154,276
0,334,672,110,276
0,501,875,82,264
0,435,513,168,244
0,319,337,168,209
0,257,345,153,279
0,239,305,116,204
0,149,197,66,96
0,79,93,53,40
0,45,38,18,24
0,40,31,21,16
0,24,20,11,11
0,15,20,28,15
0,25,36,8,32
0,85,154,43,87
0,163,416,45,175
0,176,496,69,223
0,178,337,104,212
0,172,295,108,237
0,191,294,115,198
0,226,383,142,257
0,267,416,146,224
0,255,393,149,236
0,287,480,134,268
0,316,578,104,295
0,367,779,68,277
0,640,815,122,255
0.0625,470,606,140,213
0.125,325,357,164,202
0.1875,253,320,156,164
0.25,224,285,108,182
1.78,162,205,82,97
1.27,87,106,53,35
0.76,39,45,26,23
0.506666667,45,23,13,25
0.253333333,29,22,9,12
0,17,16,8,10
0,25,35,7,40
0,64,135,31,67
0,155,339,47,175
0,153,413,72,251
0,195,404,95,242
0,205,335,110,204
0,214,345,131,236
0,247,368,159,270
0,278,436,198,227
0,268,424,135,216
0,294,532,126,249
0,291,561,93,251
0,396,739,82,248
0,342,620,122,251
0,284,467,156,237
0,273,378,160,191
0,228,318,128,162
0,250,290,125,158
0,171,250,89,128
0,122,167,66,66
0,69,62,44,44
0,46,38,25,26
0,41,34,16,21
0,26,21,9,11
0,22,20,9,23
0,26,46,16,37
2.03,67,149,53,62
10.41,78,151,58,115
1.02,136,194,89,165
1.27,196,238,118,240
0.635,214,296,147,258
0,283,391,156,271
0,280,407,159,288
0,298,421,179,262
0,293,471,159,267
0,349,486,160,251
0,306,460,182,241
0,288,441,167,224
0,278,410,144,199
0,248,327,141,188
0,213,302,127,190
0,199,255,124,121
0,163,196,88,101
0,109,116,72,76
0,73,70,37,46
0,62,36,24,28
0,37,18,10,24
0,28,21,11,13
0,22,26,3,11
0,37,45,11,24
0,48,129,28,46
0,61,86,31,72
0,147,146,51,145
0,245,235,115,191
0,263,311,198,246
0,261,354,177,291
0,341,415,195,323
0,321,446,234,323
0,321,486,195,358
0,337,460,197,303
0,340,482,220,299
0,310,414,190,262
0,275,387,163,211
0,231,338,159,177
0,214,224,104,159
0,199,180,90,154
0,124,140,58,84
0,70,87,37,51
0,36,35,18,19
0,17,22,10,10
0,16,24,6,10
0,10,15,6,12
0,27,39,10,24
0,63,139,23,88
0,149,393,49,177
0,160,387,55,234
0,210,381,86,204
0,194,315,110,258
0,179,297,105,173
0,207,378,133,240
0,234,427,142,199
0,239,350,151,235
0,283,408,140,255
0,272,493,144,263
0,365,669,104,246
0,486,773,117,209
0,374,502,201,221
0,314,368,166,291
0,304,345,136,261
0,219,283,115,147
0,118,143,97,82
0,87,89,29,50
0,43,36,19,19
0,40,30,11,16
0,23,14,5,8
0,18,22,4,17
0,25,37,9,32
0,86,157,23,82
0,160,425,44,190
0,198,453,59,244
0,192,412,101,224
0,210,298,137,197
0,192,288,130,214
0,223,351,170,252
0,290,414,147,209
0,301,436,158,230
0,340,422,168,302
0,277,473,132,256
0,343,701,120,260
0,472,767,147,228
0,376,494,206,250
0,288,378,176,208
0,276,343,157,184
0,212,331,136,174
0,144,169,82,80
0,79,81,40,43
0,36,38,17,26
0,35,25,13,15
0,31,26,4,8
0,15,15,4,20
0,23,33,5,43
0,81,142,28,84
0,145,433,42,198
0,198,472,62,260
0,192,399,81,220
0,187,338,128,3
0,193,284,104,0
0,246,373,129,44
0,294,416,152,225
0,253,364,165,223
0,278,406,146,243
0,275,494,121,272
0,379,715,131,244
0,495,823,107,237
0,349,535,183,225
0,294,355,174,181
0,284,352,158,187
0,245,300,134,160
0,145,177,100,97
0,80,81,44,41
0,47,41,22,29
0,22,23,14,12
0,21,18,4,6
0,14,11,5,13
0,25,40,10,33
0,80,134,25,81
0,171,421,52,201
0,171,441,57,243
0,186,384,91,209
0,199,303,107,240
0,217,319,126,222
0,207,347,159,224
0,273,408,175,238
0,307,402,150,231
0,287,413,156,253
0,263,487,111,281
0,347,748,92,244
0,469,834,100,203
0,342,502,192,237
0,301,400,196,209
0,321,332,169,183
0,240,315,150,216
0,196,228,91,99
0,88,79,45,54
0,49,50,27,27
0,38,30,10,18
0,20,18,13,17
0,19,15,4,17
0,24,33,9,31
0,50,134,20,75
0,116,351,44,146
0,151,333,65,213
0,174,331,88,203
1.52,182,279,120,220
2.155,191,309,137,180
2.79,237,351,161,251
1.27,276,439,164,249
0.25,274,420,150,245
0,306,513,132,252
0,318,539,97,255
0,351,743,108,237
0,412,669,127,227
0,317,477,170,241
0,272,345,155,222
0,244,340,136,154
0,201,283,136,146
0,185,189,98,104
0,127,122,61,70
0,71,56,35,44
0,52,41,22,31
0,32,28,18,18
0,20,14,8,19
0,22,23,8,21
0,30,50,16,36
0,61,95,32,45
0,71,111,59,121
0,130,174,101,186
0,199,231,116,253
0,236,330,167,299
0,269,413,159,290
0,282,387,217,271
0,274,419,165,230
0,287,484,191,278
0,359,467,179,263
0,346,470,184,283
0,295,448,183,287
0,249,376,207,183
0,210,302,137,177
0,219,314,102,155
0,209,276,125,134
0,156,183,84,99
0,110,123,66,87
0,59,62,42,54
0,54,43,22,30
0,44,36,26,26
0,26,24,8,13
0,5,17,5,13
0,47,38,13,21
0,50,61,15,46
0,67,70,40,62
0,140,123,84,132
0,179,205,124,202
0,255,293,122,244
0,254,358,143,229
0,247,372,115,312
0,305,463,145,332
0,273,450,166,273
0,256,418,173,258
0,332,453,177,241
0,295,398,195,224
0,306,414,205,225
0,249,332,152,174
0,218,290,135,152
0,168,226,105,118
0,129,136,47,75
0,62,66,32,49
0,49,35,21,30
0,18,20,13,15
0,22,21,3,12
0,14,18,5,18
0,20,32,12,37
0,85,144,33,71
0,170,419,53,176
0,156,410,55,233
0,210,351,78,196
0,173,295,109,234
0,198,278,114,220
0,222,360,140,223
0,260,399,157,229
0,273,427,145,217
0,316,408,163,227
0,295,519,141,258
0,406,666,121,256
0,478,733,148,258
0,325,484,194,217
0,303,397,179,203
0,251,355,150,179
0,211,266,112,121
0,143,166,78,72
0,61,73,42,36
0,48,55,22,20
0,33,28,12,22
0,33,24,9,11
0,9,12,4,14
0,21,26,9,35
0,101,182,23,74
0,145,392,29,191
0,144,398,37,219
0,179,384,77,195
0,146,325,101,191
0,191,271,131,182
0.125,212,328,130,232
11.43,261,381,131,203
20.83,294,425,155,228
0.51,276,383,148,266
0.255,300,500,131,280
0,389,700,129,261
0,506,862,140,236
0,377,559,246,229
0,280,369,180,164
0,268,322,165,179
0,204,266,136,159
0,134,149,85,90
0,84,92,53,40
0,48,54,19,28
0,36,22,6,18
0,30,26,12,11
0,14,18,5,12
0,27,36,10,32
0,84,154,28,80
0,163,443,76,207
0,163,449,69,241
0,179,399,92,209
0,207,334,132,199
0,214,283,143,226
0,225,364,174,237
0,282,431,173,252
0,295,401,164,210
0,303,409,145,272
0,278,519,101,314
0,361,747,98,269
0,481,803,112,251
0,393,519,169,241
0,285,333,179,228
0,296,395,165,215
0,241,311,116,154
0,150,190,73,79
0,72,91,45,44
0,59,47,18,19
0,44,32,13,27
0,19,24,11,7
0,18,20,5,13
0,27,37,7,44
0,88,153,25,79
0,163,437,49,192
0,184,455,60,284
0,188,392,87,204
0,187,304,135,216
0,206,305,136,225
0,220,321,151,261
0,291,446,152,247
0,265,380,140,218
0,270,393,130,279
0,286,535,150,240
0,349,731,115,231
0,489,811,100,206
0,378,495,184,212
0,290,386,177,219
0,292,366,139,209
0,213,257,136,144
0,175,186,85,102
0,95,84,52,54
0,54,55,24,22
0,49,31,17,22
0,32,23,10,12
0,16,16,6,14
0,26,30,5,36
0,56,124,24,76
0,124,378,55,171
0,178,404,68,226
0,158,339,92,207
0,171,283,137,208
0,221,295,144,196
0,236,389,145,270
0,243,411,157,220
0,318,472,160,223
0,325,535,131,260
0,336,655,116,238
0,361,701,114,229
0,417,861,110,210
0,351,516,155,235
0,249,378,149,207
0,234,312,117,153
0,217,276,122,137
0,150,229,98,107
0,89,102,75,65
0,,,,
