0,152,65
0,116,63
0,98,31
0,152,38
0,467,95
0,1187,231
0,1743,355
0,1577,337
0,1270,363
0,1120,351
0,1145,368
0,1239,355
0,1331,399
0,1231,536
0,1616,487
0,1617,517
0.125,1523,518
0.25,1274,412
0,921,309
0,838,323
0,810,277
0,763,251
0,555,159
0,398,113
0,245,52
0,209,36
0,156,31
0,98,20
0,165,46
0,332,70
0,604,171
0,818,248
0,927,316
0,958,408
0,1085,447
0,1208,418
0,1361,445
0,1346,431
0,1210,424
0,1265,418
0,1244,387
0,994,356
0,952,285
0,783,263
0,815,263
0,704,164
0,555,113
0,608,194
0,295,66
0,274,44
0,163,36
0,86,20
0,107,34
0,196,46
0,329,50
0,433,124
0,649,203
0,864,284
0,1022,273
0,1109,354
0,1230,355
0,1142,365
0,1251,365
0,1251,443
0,1113,329
0,868,306
0,779,215
0,605,187
0,583,153
0,430,130
10.41,317,66
5.205,157,29
0,90,18
0,74,13
0,80,23
0,164,46
0,484,92
0,1246,253
0,1677,323
0,1506,345
0,1454,328
0,1073,286
0,1086,372
0,1075,326
0,1122,343
0,1312,493
0,1682,518
0,224,558
0,245,491
0,1051,430
0,827,315
0,705,295
0,672,229
0,604,171
0,316,104
0,196,62
0,131,63
0,90,52
0,86,33
0,152,44
0,506,107
0,1310,279
0,1627,300
0,1352,356
0,1317,308
0,1031,310
0,1092,342
0,1130,373
0,1145,337
0,1344,454
0,1490,526
0,1263,542
0,1413,502
0,1420,393
0,841,307
0,756,303
0,715,226
0,562,179
0,317,108
0,173,79
0,123,67
0,93,59
0,85,28
0,167,36
0,499,97
0,1236,270
0,1724,335
0,1434,345
0,1344,319
0.51,1113,246
0,1103,318
0,1151,353
0,1210,369
0,1308,439
0,1732,495
0,1537,532
0,1644,516
0,1390,417
0,863,317
0,847,310
0,750,240
0,665,191
0,364,99
0,207,74
0,132,71
0,102,64
0,96,36
0,167,42
0,509,102
0,1279,259
0,1771,324
0,1328,309
0,1358,326
0,1115,290
0.76,1139,314
0.51,1168,329
0,1145,379
0.125,1316,481
0.25,1664,526
0.59,1667,537
0.93,1346,430
1.27,1447,281
0.76,885,286
0.25,779,272
0.125,812,217
0,581,162
7.37,418,111
1.27,246,67
0,166,69
0,149,58
0.25,107,31
0.2,170,41
0.15,462,86
0.1,1269,258
0.05,1809,339
0,1518,322
0,1327,327
0,1112,371
0,1235,377
0,1196,393
0,1276,407
0,1475,484
0,1583,543
0,1613,526
0,1516,476
0,1360,432
0,940,297
0,785,316
0,798,255
0,691,230
0,514,139
0,342,105
0,257,66
0,228,39
0,161,24
0,115,26
0,226,41
0,339,75
0,625,149
0,825,244
0,969,325
0,1027,385
0,1069,364
0,1124,407
0,1251,459
0,1281,486
0,1121,494
0,1142,440
0,1073,393
0,972,392
0,817,304
0,814,281
0,801,267
0,714,202
0,526,145
0,406,83
0,282,66
0,252,43
0,139,35
0,85,17
0,120,30
0,206,48
0,361,71
0,494,115
0,718,186
0,977,306
0,1150,352
0,1231,397
0,1213,382
0,1091,372
0,1189,383
0,1117,362
0,1022,379
3.05,894,329
1.525,777,234
0,644,230
0,551,164
0.635,459,114
1.27,277,81
0.89,148,36
0.51,90,17
2.03,68,14
0.25,82,18
4.57,177,47
1.27,474,94
3.3,1259,268
0.25,1826,333
0.125,1478,356
0,1283,306
0,1039,295
0,1057,315
0,1079,363
0,1125,317
0,1239,436
0,1534,511
0,1495,550
0,1097,453
0,1348,436
0,741,295
0.05,687,260
0.1,587,186
0.15,480,157
0.2,302,117
0.25,169,72
0,116,64
0.25,79,56
0.125,88,25
0,172,39
0.25,512,91
0.25,1249,306
0.25,1695,324
0.166666667,1475,344
0.083333333,1270,320
0,1062,296
0,1085,304
0,1186,372
0,1206,323
0,1304,509
0,1597,561
0,1640,578
0,1558,491
0,1422,398
0,859,314
0,769,271
0,696,242
0,463,171
0,317,117
0,163,64
0,137,65
0,90,56
0,77,35
0,187,38
0,514,104
0,1326,286
0,1783,355
0,1501,353
0,1311,300
0,1091,276
0,1067,323
0,1117,358
0,1161,364
0,1276,487
0,1686,530
0,1133,535
0,1390,535
0,1444,419
0,944,335
0,856,272
0,741,249
0,515,180
0,350,118
0,200,74
0,140,72
0,107,59
0,83,35
0,165,38
0,465,104
0,1199,281
0,1563,331
0,1264,345
0,1308,311
0,1131,302
0,1086,316
0,1181,351
0.125,1217,330
0.25,1284,451
0,1433,517
0.25,1177,496
0.38,1346,537
0.51,1349,382
0.25,902,291
0.51,805,268
0.76,781,210
1.27,579,165
1.27,393,122
1.02,221,63
1.02,195,66
0.51,113,65
0.51,102,29
0,186,42
0,457,93
0,1218,276
0,1810,354
0,1490,377
0,1256,318
0,1156,317
0,1187,356
0,1209,371
0,1255,422
0,1477,443
0,1612,547
0,1429,572
0,1385,569
0,1175,454
0,1032,337
0,841,286
0,903,275
0,1064,235
0,624,179
0,386,128
0,272,56
0,243,40
0,167,31
0,117,32
0,228,49
0,396,101
0,665,144
0,834,253
0,964,308
0,1102,360
0,1158,389
0,1464,417
0,1501,441
0,1340,421
0,1348,450
0,1415,439
0,1291,380
0,1005,357
0,867,317
0,814,298
0,818,258
0,722,179
0,691,129
0,438,98
0,289,52
0,285,35
0.51,166,33
0,119,23
0,162,36
0,249,51
0,408,58
0,471,118
0,680,167
0,871,265
0,978,297
0,1229,379
0.25,1412,353
1.14,1201,446
2.03,1242,369
0,1296,346
0,1108,374
0,841,330
0,772,260
0,657,196
2.03,589,179
4.06,422,120
2.155,285,84
0.25,157,41
0,97,21
0.76,81,13
0,75,21
0,176,35
0,470,98
0,1294,282
0,1701,358
0,1245,344
0,1232,357
0,1083,301
0,1060,345
0,1161,337
0,1216,362
0,1372,498
0,1717,507
0,1438,556
0,1594,465
0,1320,410
0,784,309
0,665,244
0,653,174
0,511,139
0,351,98
0,159,73
0,178,74
0,140,58
0,91,25
0,183,44
0,464,103
0,1349,263
0,1622,308
0,1468,345
0,1301,308
0,1109,285
0,1082,319
0,1198,368
0,1273,354
0,1426,501
0,1683,547
0,1277,547
0,1574,545
0,1431,432
0,908,317
0,901,353
0,723,240
0,537,160
0,305,106
0,178,83
0,126,69
0,91,54
0,75,31
0,182,41
0,512,107
0,1318,264
0,1715,346
0,1407,343
0,1437,344
0,1344,308
0,1137,351
0,1144,320
0,1206,322
0,1287,517
0,1737,476
0,1456,586
0,1522,499
0,1470,444
0,939,356
0,859,310
0,711,228
0,575,187
0,383,108
0,210,78
0,136,70
0,98,64
0,80,27
0,184,43
0,507,104
0,1260,256
0,1541,315
0,1391,350
0,1442,339
0,1132,332
0,1119,364
0,1195,391
0,1281,343
0,1328,501
0,749,539
0,888,620
0,1060,575
0,1022,410
0,955,290
0,839,318
0,867,282
0,598,198
0,392,109
0,256,76
0,179,78
0,128,51
0,124,29
0,162,45
0,457,89
0,1202,256
0,1714,343
0,1472,348
0,1245,384
0,1212,335
0,1201,385
0,1289,434
0,1354,392
0,825,504
0,127,525
0,1440,505
0,1395,455
0,1066,376
0,684,317
0,748,283
0,704,280
0,661,247
0,552,164
0,350,101
0,247,60
0,235,67
0,143,34
0,116,22
0,152,42
0,291,69
0,479,115
0,710,242
0,838,272
0,958,299
0,1016,353
0,1057,351
0,1049,416
0,1069,415
0,1078,423
0,1042,386
0,900,379
0,857,369
0,774,300
0,719,251
0,697,230
0,619,169
0,512,123
0,343,68
0,338,64
0,310,37
0,193,35
0,114,25
0,97,29
0,172,39
0,274,54
0,398,103
0,627,184
0,902,256
0,1034,279
0,1108,338
0,1190,273
0.0625,1088,308
0.125,998,296
0.1875,851,354
0.25,761,298
0.505,712,288
0.76,673,231
1.27,619,204
0.51,606,165
1.02,493,141
0.76,375,105
1.27,217,63
0.25,182,36
0.25,169,22
0.51,113,17
0.76,90,26
1.27,119,36
1.27,191,41
1.78,313,62
2.03,370,125
0.76,531,151
0.25,729,210
0,963,311
0,1032,318
0,1013,385
0,1048,393
0,1026,360
0,1227,328
0,914,301
0,847,317
0,683,260
0,593,211
0,523,206
0,430,140
0,314,88
0,172,29
0,87,22
0,62,13
0,63,17
0,176,48
0,480,95
0,1340,250
0,1743,325
0,1446,345
0,1273,340
0,982,312
0,1078,359
0,1107,357
0,1057,348
0,1159,475
0,1241,478
1.27,1437,501
2.79,1329,463
2.79,1289,415
2.03,760,292
1.52,683,266
1.52,622,194
1.78,540,164
1.27,464,111
1.02,187,81
0.76,139,59
0,78,50
0,85,31
0,187,41
0,491,97
0,1320,266
0,1734,332
0,1300,405
0,1433,346
0,1095,317
0,1103,209
0,1164,370
0,1160,387
0,1315,474
0,1420,528
0,1387,574
0,1117,582
0,1013,413
0,867,343
0,839,273
0,731,293
0,539,214
0,378,130
0,203,71
0,140,56
0,96,67
0,90,30
0,174,59
0,499,113
0,1380,276
0,1655,354
0,1272,371
0,1359,367
0,1181,327
0,1161,379
0,1139,385
0,1274,379
0,1205,535
0,360,538
0,736,521
0,118,501
0,902,398
0,914,346
0,803,311
0,850,287
0,556,207
0,365,126
0,211,90
0,168,73
0,143,51
0,114,28
0,183,46
0,500,101
0,1247,286
0,1730,363
0,1385,401
1.27,1239,408
2.54,1174,319
0.51,1147,368
0,1245,419
0,1271,393
0,1199,440
0,1430,480
1.78,1488,531
3.81,1400,527
5.84,1347,354
1.02,925,309
1.02,836,234
2.79,790,270
0.76,776,249
1.27,628,188
0.25,372,111
0.42,254,84
0.59,235,54
0.76,179,29
0.38,117,30
0,225,48
0,354,76
0,679,144
0,875,276
0,1030,312
0,1155,370
0,1259,425
0,1340,427
0,1301,454
0,1365,465
0,1283,508
0,1324,431
0,1235,373
0,1147,410
0,945,349
0,879,286
0,887,237
0,805,233
0,656,161
0,440,103
0,280,61
0,275,31
0,168,40
0,129,19
0,133,30
0,219,66
0,467,57
0,519,118
0,750,206
0,960,305
0,1187,306
0,1341,395
0,1343,363
0,1244,390
0,1239,398
0,1282,402
0,1325,441
0,980,374
0,902,290
0,755,255
0,717,211
0,487,148
0,366,87
0,181,41
0,110,25
0,90,19
0,96,19
0,164,48
0,507,120
0,1344,292
0,1698,341
0,1388,374
0,1330,331
0,1110,323
0,1113,329
0,1156,363
0,1113,385
0,1302,524
0,1396,523
0,1333,605
0,1163,523
0,1098,405
0,988,342
0,806,312
0,682,266
0,657,202
0,363,104
0,206,90
0,138,59
0,101,56
0,66,30
0,170,51
0,518,106
0,1361,287
0,1644,313
0,1321,354
0,1373,364
0,1006,289
0,1099,327
0,1095,394
0,1205,377
0,1353,524
0,1668,523
0,1569,584
0,1523,545
0,1374,421
0,883,322
0,795,306
0,750,253
0,502,199
0,364,100
0,196,70
0,145,65
0,94,67
0,87,27
0,173,47
0,509,117
0,1370,266
0,1531,354
0,1060,336
0,1288,357
0,1100,330
0,1163,332
0,1017,336
0,1190,416
0,1279,481
0,1489,532
0,1370,554
0,1428,450
3.3,1294,409
8.64,900,311
0.51,752,256
0.51,689,225
3.05,543,176
5.59,490,124
1.78,567,80
0.25,328,71
0,131,57
0,99,25
0,166,53
0,493,98
0,1350,282
0,1707,317
0,1392,330
0,1379,339
0,1149,321
0,1177,377
0,1224,396
0,1276,419
0,1330,535
0,1679,535
0,1544,609
0,1601,476
0,1426,404
0,1060,354
0,800,320
0,770,288
0,709,222
0,489,147
0,243,93
0,186,73
0,135,79
0,112,36
0,179,49
0,462,92
0,1277,237
0,1777,309
0,1566,312
0,1322,338
0,1147,338
0,1241,382
0,1328,466
0,1277,400
0,1450,526
0,1530,531
0,886,547
0,605,476
0,1300,355
0,963,352
0,862,298
0,986,331
0,986,280
0,727,203
0,430,116
0,338,81
0,279,51
0,186,25
0,145,34
0,235,39
0,441,76
0,649,159
0,861,246
0,1009,283
0,1186,359
0,1273,415
0,1289,402
0,1302,410
0,1339,454
0,1373,414
0,1330,389
0,1307,390
0,1171,389
0,1030,298
0,893,296
0,914,249
0,926,203
0,696,141
0.253333333,434,93
0.506666667,336,73
0.76,385,30
0,184,29
0,105,19
4.32,161,34
2.03,277,42
6.1,467,62
3.05,525,102
0,761,205
0,1048,322
0,1192,327
0,1336,393
0,1334,350
0,1309,379
0,1251,364
0,1067,345
0,1215,400
0,1080,380
0,841,312
0,793,227
0,708,179
0,598,141
0,413,91
0,237,39
0,131,24
0,113,15
0,101,26
0,216,45
0,570,100
0,1449,243
0,1649,267
0,1293,318
0,1395,300
0,1189,326
0,1253,345
0,1321,398
0,1305,388
0,1445,494
0,1083,506
0,612,531
0,482,526
0,559,422
0,884,307
0,902,293
0,869,264
0,797,199
0,396,117
0,211,85
0,170,77
0,112,55
0,88,32
0,205,55
0,541,107
0,1475,263
0,1651,263
0,1181,294
0,1370,273
0,1171,335
0,1195,357
0,1273,371
0,1299,372
0,836,327
0,989,438
0,542,534
0,489,506
0,675,412
0,868,371
0,843,316
0,850,238
0,830,187
0,500,133
0,239,78
0.125,191,71
0.25,119,54
0,87,33
0,194,48
0,590,109
0,1435,248
0,1540,241
0,1170,307
0,1394,302
0,1182,274
0,1243,350
0,1329,371
0,1399,424
0,1427,497
0,993,480
0,607,513
0,473,552
0,751,423
0,991,357
0,1009,290
0,921,283
0,865,218
0,453,116
0,280,65
0,164,69
0,121,72
0,114,35
0,193,49
0,508,117
0,1276,243
0.083333333,1483,264
0.166666667,1105,278
0.25,1240,290
0.505,1185,303
0.76,1261,356
1.27,1257,363
0.76,1277,366
0.25,1377,467
0.51,938,509
0.3825,590,556
0.255,448,515
0.1275,812,378
0,945,291
0,949,304
0,901,248
0,702,209
0,482,138
0,252,76
0,183,71
0,133,67
0,101,31
0,221,47
0,554,99
0,1394,199
0,1814,268
0,1485,313
0,1352,326
0,1289,361
0,1323,395
0,1322,458
0,1451,442
0,1547,488
0,1026,497
0,614,491
0,624,473
0,1002,382
0,966,325
0,906,334
0,870,307
0,784,241
0,610,168
0,426,115
0,296,60
0,269,41
0,193,36
0,131,30
0,218,47
0,389,76
0,671,127
0,797,225
0,990,261
0,1077,366
0,1225,394
0,1237,414
0,1297,425
0.76,1334,453
0.38,1290,430
0,1285,432
0,1158,370
0,1052,364
0,879,325
0,838,269
0,869,228
0,973,193
0,671,153
0,493,85
0,360,62
0,393,38
0,200,34
0,130,22
0,149,31
0,219,46
0,405,67
0,500,121
0,718,183
0,997,296
0,1145,338
0,1217,393
0,1245,377
0,1215,375
0,714,385
0,1119,372
0,1081,374
0,958,379
0,767,253
0,678,267
0,678,186
0,561,174
0,340,93
0,194,48
0,144,24
0,81,20
0,84,20
0,200,42
0,573,109
0,1422,249
0,1706,300
0,1295,310
0,1295,285
0,1056,327
0,1125,327
0,1175,380
0,1142,398
0,1299,456
0,1407,516
0,1284,504
0,1409,487
0,1186,396
0,903,338
0,857,294
0,764,206
0,504,211
0,326,130
0,234,89
0,172,59
0,95,49
0,71,25
0,174,38
0,546,111
0,1417,257
0,1620,275
0,1073,328
0,1324,277
0,1163,307
0,1128,368
0,1203,351
0,1166,375
0,1359,468
0,1581,514
0,1534,509
0,1428,553
0,1368,409
0,939,349
0,798,269
0,728,245
0,504,190
0,368,126
0.083333333,208,80
0.166666667,123,61
0.25,81,54
0.125,77,27
0,201,41
0,526,117
0,1389,250
0,1736,303
0,1199,293
0,1347,325
0,1099,270
0,1159,356
0,1275,385
0,1169,356
0,1287,509
0,1384,509
0,1329,491
0.125,1316,521
0.25,1258,391
0,932,331
4.32,782,311
0,817,246
0,868,231
0,395,134
0,240,79
0,179,66
0,112,57
0,87,29
0,189,43
0,555,107
0,1369,269
0,1679,264
0,1259,345
0,1388,295
0,1127,314
0,1188,353
0,1136,371
0,1222,397
0,1361,478
0,1646,537
0,1559,561
0,1486,524
0,1392,395
0,992,308
0,893,312
0,790,303
0,629,227
0,378,142
0,245,83
0,145,79
0,158,67
0,91,28
0,182,39
0,529,105
0,1242,235
0,1713,290
0,1487,286
0,1324,308
0,1141,351
0,875,343
0,830,453
0,1390,429
0,1448,503
0,1636,411
0,1547,550
0,1418,501
0,1158,392
0,945,325
0,819,286
0,904,298
0,927,261
0,709,168
0,453,103
0,297,62
0,245,49
0,154,33
0,110,31
0,184,40
0,286,78
0,482,113
0,661,212
0.25,884,229
0.25,1025,326
5.84,1147,396
4.83,1109,365
0.76,1202,400
0.506666667,1163,442
0.253333333,1181,470
0,1196,404
0,1286,408
0,1105,370
0,932,327
0,868,292
0,831,236
0,851,246
0,791,161
0,759,104
0,438,86
0,330,30
0,231,31
0,98,20
0,120,26
0,236,40
0,393,57
0,597,141
0,860,185
0,1107,304
0,1183,313
0,1218,357
0,1225,335
0,1118,358
0,1160,339
0,1336,335
0,1148,372
0,899,324
0,849,304
0,764,278
0,635,251
0,579,155
0,362,92
0,236,51
0,138,23
0,91,17
0,89,27
0,173,42
0,533,120
0,1206,210
0,1293,230
0,980,282
0,1249,285
0,1085,277
0,1086,362
1.65,1180,343
3.3,1141,381
6.35,1309,485
0.76,1659,496
0,1446,508
0,1417,532
0,1166,452
0,824,319
0,737,313
0,722,234
0,715,196
0,378,123
0,233,93
0,137,67
0,102,52
0,67,27
0,180,41
0,612,118
0,1440,278
0,1320,279
0,992,342
0,1437,300
0,1082,340
0,1105,335
0,1223,385
0,1214,398
0,1348,483
0,1640,499
0,1529,512
0,1322,547
0,1167,453
0,889,321
0,779,315
0,723,253
0,831,222
0,464,154
0,232,84
0,200,69
0,108,57
0,85,24
0,187,40
0,556,119
0,1370,257
0,1726,285
0,1391,281
0,1327,333
0,1137,329
0,1157,337
0,1274,402
0,1193,394
0,1324,493
0,1403,504
0,1562,550
0,1486,501
0,1283,419
0,859,311
0,834,300
0,745,250
0,663,217
0,410,146
0,277,66
0,191,59
0,113,64
0,79,31
0,175,51
0,535,114
0,1415,241
0,1660,277
0,1336,311
0,1393,312
0,1177,341
0,1182,361
0,1211,407
0,1262,411
0,1310,466
0,1643,524
0,1556,487
0,1537,364
0,1291,427
0,861,349
0,913,305
0,752,307
0,617,206
0,464,147
0,297,98
0,152,68
0,158,66
0,120,24
0,191,34
0,528,105
0,1297,241
0,1858,283
0,1556,327
0,1298,308
0,1162,351
0,1219,373
0,1289,407
0,1308,415
0,1414,498
0,1475,508
0,1547,482
0,1280,464
0,1201,388
0,853,335
0,744,273
0,741,261
0,656,226
0.51,542,203
0,375,87
0,296,69
0,245,54
0,179,34
0,137,23
0,213,41
0,337,93
0,558,173
0,725,282
0,905,278
0,1016,346
0,1131,391
0,1083,417
0,1071,400
0,1190,397
0,1141,438
0,1034,441
0,919,416
0,832,361
0,841,350
0,821,271
0,774,259
0,731,206
0,603,152
0,409,84
0,311,50
0,321,38
0,147,38
0.76,103,20
1.02,136,30
0.76,184,52
0.25,319,82
0,465,157
0,661,230
0,854,326
0,938,338
0,1087,325
0,1196,365
0,1253,337
0,1193,402
0,1050,354
0,993,338
0,833,301
0,776,253
0,669,240
0.25,598,184
8.64,455,134
4.32,345,88
0,235,38
0,135,24
0,123,15
0,115,28
0,177,39
0,534,127
0,1399,217
0,1464,280
0,1223,297
0,1098,292
0,1151,312
0,1112,348
0,1178,388
0,1196,379
0,1289,486
0,1514,506
0,1423,515
0,1415,464
0,1178,420
0,827,305
0,685,250
0.25,559,198
0.125,465,186
0,320,121
0,198,85
0.76,159,62
0.51,85,48
0.255,85,27
0,179,44
0,529,117
0,1341,273
0,1693,253
0,1286,296
0,1329,306
0,1098,355
0,1105,374
0,1119,406
0,1141,401
0,1260,487
0,1662,484
0,1597,514
0,1543,468
0,1251,403
0,888,364
0,784,328
0,687,271
0,570,202
0,394,133
0,227,86
0,157,70
0,113,51
0,90,33
0,200,36
0,542,105
0,1344,245
0,1765,287
0,1455,291
0,1244,277
0,1042,311
0,1143,341
0,1178,376
0,1166,397
0,1267,487
0,1617,508
0,1530,464
0,1544,420
0,1328,438
0,864,320
0,772,299
0,656,296
0,544,237
0,403,164
0,236,80
0,150,82
0,129,70
0,99,32
0,174,37
0,509,122
0,1191,215
0,1778,241
0,1449,277
0,1268,291
0,1151,343
0,1173,387
0,1219,391
0,1251,385
0,1370,478
0,1591,515
0,1574,484
0,1323,418
0,1035,373
0,820,343
0,760,308
0,656,273
0,576,242
0,432,148
0,309,98
0,200,56
0,175,50
0,136,28
0,121,32
0,218,53
0,422,115
0,599,139
0,685,211
0,894,268
0,864,338
0,1010,371
0,1002,413
0,1034,420
0,1105,449
0,1183,399
0,1042,391
0,913,410
0,827,351
0,739,312
0,622,264
0,563,259
0,519,199
0,414,161
0,315,85
0,248,44
0,251,30
0,143,20
0,92,19
0,99,22
0,202,56
0,268,64
0,297,95
0,548,148
0,702,190
0,844,227
0,872,248
0,773,280
0,794,276
0,749,277
0,707,297
0,627,253
0,601,235
0,522,205
0,536,208
0,457,169
0,584,174
0,748,168
0,405,132
0,245,53
0,229,36
0,126,39
0,87,21
0,98,25
0,162,45
0,244,51
0,358,94
0,460,155
0,744,255
0,914,291
0,1013,307
0,1038,304
0,1051,333
0,999,323
0,833,302
0,903,335
0,791,289
0,771,224
0,739,220
0,586,187
0,473,162
0,323,84
0,209,47
0,126,36
0,116,10
0,73,21
0,169,40
0.255,415,112
0.51,1049,225
5.33,1449,245
11.43,1280,257
6.1,1161,260
16.51,1039,287
4.32,1021,330
2.54,1072,321
1.78,1081,308
0.89,1272,452
0,1579,494
0.51,1572,470
0.25,1481,508
0.51,1141,365
0.25,813,334
0,691,252
0,650,220
0,650,170
0,355,122
0,212,78
0,150,66
0,92,51
0,81,32
0,187,44
0,522,135
0,1380,262
0,1727,281
0,1356,297
0,1322,270
0,1137,301
0,1072,351
0,1141,376
0,1195,364
0,1368,507
0,1602,549
0,1555,522
0,1484,523
0,1308,405
0,887,302
0,795,300
0,697,252
0,737,183
0,402,136
0,231,77
0,138,76
0,99,55
0,96,29
0,209,48
0,504,111
0,1343,270
0,1715,311
0,1277,307
0,1313,281
0,1110,317
0,1137,348
0,1168,346
0,1188,382
0,1320,504
0,1462,517
0,1671,504
0,1603,517
0,1481,364
0,903,332
0,914,292
0,827,232
0,575,204
0,379,137
0,226,80
0,145,73
0,100,53
0,86,33
0,193,41
0,523,124
0,1379,236
0,1663,290
0,1286,328
0,1354,309
0,1178,313
0,1256,305
0,1223,373
0,1270,386
0,1290,490
0,1482,499
0,1536,510
0,1558,485
0,1390,404
0,901,349
0,746,303
0,730,288
0,752,212
0,423,128
0,243,77
0,175,83
0,129,59
0,107,31
0,203,43
0,511,118
0,1229,222
0,1829,298
0,1471,307
0,1315,264
0,1180,337
0,1191,405
0,1284,378
0,1327,399
0,1456,487
0,1630,517
0,1538,502
0,1474,467
0,1194,369
0,890,304
0,813,318
0,763,268
0,818,254
0,782,166
0,412,93
0,283,60
0,248,44
0,182,35
0,165,32
0,221,51
0,383,100
0,634,154
0,828,252
0,947,317
0,1099,329
0,1198,411
0,1138,432
0,1240,447
0,1189,429
0,1210,400
0,1141,404
0,1054,411
0,985,362
0,978,267
0,771,250
0,747,227
0,828,223
0,632,157
0,409,97
0,296,51
0,293,34
0,174,27
0,126,28
0,138,36
0,211,56
0,358,66
0,462,104
0,696,187
0,924,283
0,1115,329
0,1178,336
0,1164,330
0,1078,327
0,1086,345
0,1243,360
0,1025,376
0,911,326
0,769,280
0,733,243
0,538,191
0,451,139
0,272,94
0,136,58
0,142,25
0,111,13
0,77,18
0.25,166,47
30.73,524,109
2.03,1301,233
0.76,1737,289
0,1317,285
0,1389,319
0,1162,296
0,1189,366
0,1194,377
0,1216,396
0,1254,490
0,1595,510
0,1584,472
0,1432,497
0,1348,413
0,883,308
0,756,312
0,647,251
0,486,181
0,353,128
0,193,84
0,171,75
0,102,51
0,83,32
0,196,44
0,566,112
0,1355,248
0,1605,282
0,1136,305
0,1430,272
0,1165,311
0,1186,360
0,1288,364
0,1237,384
0,1290,499
0,1651,517
0,1604,556
0,1495,488
0,1369,391
0,975,323
0,859,327
0,812,295
0,625,214
0,401,134
0,205,85
0,152,64
0,115,61
0,96,29
0,181,39
0,538,120
0,1304,231
0,1447,282
0,1261,326
0,1358,292
0,1174,310
0,1123,358
0,1248,380
0,1217,389
0,1333,506
0,1688,516
0,1362,533
0,1322,486
0,1428,386
0,999,315
0,885,285
0,777,285
0,620,229
0,404,147
0,238,73
0,149,78
0,114,72
0,110,26
0,200,53
0,563,124
0,1393,242
0,1608,310
0,1192,330
0,1335,315
0,996,337
0,993,336
0,1205,402
0,1250,388
0,1298,452
0,1354,522
0,1215,504
0,1174,480
0,1375,391
0.255,1042,302
0.51,867,273
0.765,751,219
1.02,593,237
1.52,410,123
1.02,269,96
0.51,196,81
0,170,62
0,123,33
0,181,47
0,517,105
0,1271,249
0,1820,306
0,1550,362
0,1331,323
0,1199,344
0,1215,385
0,1351,447
0,1412,426
0,1442,514
0,1583,499
0,1333,568
0,1461,467
0,1341,398
0,995,354
0,755,338
0,830,293
0,698,247
0,556,187
0,292,122
0,14,73
0,0,48
0,0,28
0,0,24
0,0,52
12.19,0,83
10.67,0,128
2.54,0,222
1.78,0,282
1.02,0,357
0.68,0,350
0.34,0,366
0,0,429
0,0,447
0,0,404
0,0,425
0,0,342
0,0,335
0,0,274
0,0,268
0,0,266
0,0,213
0,0,173
0,0,111
0,0,48
0,0,44
0,0,43
0,0,24
0,0,36
0,0,51
0,0,60
0,0,116
0,0,243
0,0,278
0,0,337
0,0,349
0,0,375
0,0,364
0,0,375
0,31,367
0,996,352
0,911,366
0,788,254
0,699,239
0,690,235
0,650,156
0,689,95
0,261,49
0,127,31
0,96,18
0,98,24
0,217,40
0,552,115
0,1363,230
0,1618,319
0,1295,318
0,1358,299
0,1172,292
0,1221,349
0,1232,385
0,1211,360
0,1369,528
0,1573,534
0,1459,505
0,1530,504
0,1337,420
0,854,364
0,793,319
0,620,246
0,480,234
0,324,119
0,184,70
0,121,70
0,79,58
0,81,34
0,178,56
0,572,110
0,1342,251
0,1530,306
0,1309,338
0,1459,306
0,1182,310
0,1141,403
0,1171,379
0,1247,372
0,1373,477
0,1553,549
0,1348,504
0,1471,499
0,1436,430
0,903,335
0,786,315
0,682,294
0,549,215
0,396,130
0,186,77
0,126,66
0,91,60
0,86,26
0,184,51
0,563,125
0,1369,260
0,1681,317
0,1335,309
0,1371,309
0,1127,316
0,1144,342
0,1192,368
0,1303,384
0,1343,489
0,1667,540
0,1650,543
0,1417,470
0,1417,397
0,968,343
0,814,283
0,810,294
0,728,210
0,453,136
0,224,76
0,154,63
0,95,55
0,75,32
0,180,46
0,533,114
0,1329,240
0,1631,286
0,1255,321
0,1387,317
0,1238,312
0,1212,373
0,1221,376
0,1245,341
0,1372,502
0,1664,521
0,1569,500
0,1593,505
0,1319,388
0,1007,323
0,898,327
0,847,267
0,647,208
0,443,144
0,224,83
0,171,82
0,135,59
0,116,31
0,179,44
0,467,98
0,1141,223
0,1720,291
0.125,1510,320
0.25,1296,336
0.25,1175,306
1.27,1133,409
1.27,1253,467
0,1372,427
0,1426,490
0,1673,498
0,1546,508
0,1497,481
0,1128,355
0,800,320
0,776,292
0,777,301
0,906,253
0,640,175
0,365,114
0,258,70
0,250,48
0,163,40
0,146,31
0,216,45
0,367,119
0,582,176
0,761,264
0,957,310
0,1117,341
0,1190,354
0,1202,361
0,1209,381
0,1000,449
0,1135,418
0,1101,373
0,1017,371
0,906,335
0,747,277
0,747,252
0,948,269
0,960,219
0,810,148
0,417,88
0,308,57
0,290,33
0,194,27
0,102,19
0,115,31
0,202,45
0,362,58
0,512,132
0,765,164
0,1145,272
0,1167,275
0,1263,332
0,1271,345
0,1178,354
0,1229,345
0,1302,353
0,1207,364
0,1016,301
0,860,252
0,822,257
0,728,215
0,602,176
0,697,79
0,516,62
0,141,30
0,99,20
0,93,23
0,187,40
0,563,123
0,1333,221
0,1742,268
0,1280,330
0,1450,314
0,1222,308
0,1262,325
0,1106,402
0,1217,426
0,1333,510
0,1647,484
0,1619,552
0,1493,446
0,1281,394
0,856,316
0,771,286
0,640,216
0,472,190
0,347,132
0,204,85
0,125,61
0,81,56
0,72,35
0,185,47
0,536,112
0,1022,190
0,1304,222
0,1043,328
0,1413,284
0,1198,292
18.29,1211,378
36.58,1223,353
4.06,1268,354
2.706666667,1315,513
1.353333333,1681,523
0,1631,507
0,1463,449
0,1310,395
0,888,330
0,745,310
0,693,243
0,691,191
0,671,114
0,235,70
0,127,63
0,87,54
0,86,31
0,191,39
0,558,133
0,1232,239
0,1433,284
0,1176,305
0,1383,298
0,1140,349
0,1154,347
0,1261,386
0,1221,414
0,1335,515
0,1653,531
0,1374,526
0,1361,503
0,1455,395
0,1037,325
0,924,311
0,780,294
0,684,247
0,419,174
0,215,80
0,152,78
0,103,55
0,88,31
0,197,38
0,539,120
0,1393,241
0,1708,296
0,1227,323
0,1371,325
0,1237,292
0,1196,360
0,1254,382
0,1276,387
0,1343,510
0,1380,529
0,1257,542
0,1502,491
0,1302,366
0,942,361
0,888,344
0,793,268
0,829,205
0,523,120
0,276,94
0,173,80
0,152,57
0,100,35
0,204,41
0,537,110
0,1257,245
0,1725,288
0,1494,343
0,1365,325
0,1243,377
0,1232,383
0,1249,401
0,1258,437
0,1251,485
0,1596,506
0,1585,521
0,1436,477
0,1282,390
0,855,351
0,891,284
0,860,297
0,906,225
0,603,178
